dataset,seed,mechanism,threat,k,U0,U1,U2,U3,L,L_over_U3,magnitude_share,reach_share,geometry_share
wine_red,0,output,full,1,1.0,1.0,0.6950905404199927,0.6950905404199927,0.6950905404199929,1.0000000000000002,0.0,1.0,0.0
wine_red,0,output,full,2,2.0,1.9929864863142754,1.2950905404199928,1.1721051719852604,1.099853766257649,0.9383575745125029,0.008471503201128458,0.8429765741716381,0.14855192262723352
wine_red,0,output,full,4,4.0,3.8994080990545945,2.437378624259614,2.0696917910133656,1.9373751757944508,0.9360694110140284,0.05211183399474524,0.7574072720555393,0.1904808939497155
wine_red,0,output,full,8,8.0,7.60632429125431,4.622177430615151,3.570855669733058,3.20103242815316,0.8964328788994308,0.08888301653560318,0.6737524537745886,0.23736452968980828
wine_red,0,output,full,16,16.0,14.467011562013788,8.355923691832942,6.139040564869231,5.221443923987486,0.8505309370111174,0.1554603736148401,0.6197254851702779,0.22481414121488189
wine_red,0,output,restricted,1,0.1,0.1,0.1,0.1,0.1,1.0,nan,nan,nan
wine_red,0,output,restricted,2,0.2,0.19929864863142754,0.19929864863142754,0.18500674720035792,0.1850067472003579,0.9999999999999999,0.04677779918372412,0.0,0.9532222008162758
wine_red,0,output,restricted,4,0.4,0.3899408099054595,0.38994080990545943,0.3523294174543369,0.3510459390535994,0.9963571636736696,0.211014624897964,1.1644739431930433e-15,0.7889853751020348
wine_red,0,output,restricted,8,0.8,0.760632429125431,0.760632429125431,0.6182255575598713,0.5692837870707803,0.9208350902181017,0.21657374021397718,0.0,0.7834262597860229
wine_red,0,output,restricted,16,1.6,1.446701156201379,1.4467011562013787,1.0661424423373327,0.9087848890428122,0.8524047565824869,0.28715308343632595,4.1592481316024806e-16,0.7128469165636736
wine_red,0,objective,full,1,1.0,1.0,0.6,0.6,0.6,1.0,0.0,1.0,0.0
wine_red,0,objective,full,2,2.0,1.8154943931690477,1.0501553668716086,0.9952629944244268,0.9883295073863987,0.9930335126726602,0.1836357233854012,0.7617307037068941,0.05463357290770453
wine_red,0,objective,full,4,4.0,3.3160122827410765,1.9492952810953281,1.7472993575792324,1.6147702766598486,0.9241520462166288,0.3036300981935645,0.6067015634074951,0.08966833839894037
wine_red,0,objective,full,8,8.0,5.9849204875150726,3.4926062840047383,3.0177155554797426,2.7110714932505324,0.8983853658200528,0.40444890991745835,0.5002352296949836,0.09531586038755818
wine_red,0,objective,full,16,16.0,10.770793100185141,6.167295496722653,5.227807999275942,4.851934660920305,0.9281011585720639,0.48543573113655747,0.4273501255039886,0.08721414335945396
wine_red,0,objective,restricted,1,0.1,0.1,0.1,0.1,0.1,1.0,nan,nan,nan
wine_red,0,objective,restricted,2,0.2,0.1815494393169048,0.1815494393169048,0.17795568459920474,0.17795568459920477,1.0000000000000002,0.8369758982140858,0.0,0.16302410178591417
wine_red,0,objective,restricted,4,0.4,0.33160122827410765,0.33160122827410765,0.30767291206655045,0.30337638258143346,0.9860353989037954,0.7408310308150843,0.0,0.2591689691849158
wine_red,0,objective,restricted,8,0.8,0.5984920487515073,0.5984920487515073,0.5376045935126401,0.5276625855510758,0.9815068396335596,0.7679553310252013,0.0,0.2320446689747987
wine_red,0,objective,restricted,16,1.6,1.077079310018514,1.077079310018514,0.9422987963155408,0.9242833790650086,0.9808814175280984,0.7950733358127835,0.0,0.20492666418721653
wine_red,1,output,full,1,1.0,0.9999999999999999,0.6933243598870195,0.6933243598870195,0.6933243598870195,1.0,3.6201865404638787e-16,0.9999999999999997,0.0
wine_red,1,output,full,2,2.0,1.9904633712671707,1.2933243598870194,1.172505561049064,1.078585645947388,0.9198981069073616,0.011524704316949243,0.8424697237409303,0.14600557194212038
wine_red,1,output,full,4,4.0,3.9420469794991475,2.4538135183720766,2.027766605559602,1.7994029832921195,0.8873817027850396,0.02938446365638997,0.7545929732871919,0.21602256305641815
wine_red,1,output,full,8,8.0,7.615996332392051,4.604878305912495,3.542273975780164,3.1479245306433534,0.8886733641064685,0.08614339811858564,0.675482972735307,0.23837362914610735
wine_red,1,output,full,16,16.0,13.788719096146323,8.057070018488288,5.975980571440598,5.069102250005709,0.8482461061254299,0.22059822605226834,0.5717914972638632,0.20761027668386842
wine_red,1,output,restricted,1,0.1,0.09999999999999999,0.09999999999999999,0.09999999999999999,0.09999999999999999,1.0,nan,nan,nan
wine_red,1,output,restricted,2,0.2,0.19904633712671707,0.19904633712671707,0.1931132903887479,0.1931132903887479,1.0,0.1384787405185141,0.0,0.8615212594814858
wine_red,1,output,restricted,4,0.4,0.39420469794991475,0.3942046979499147,0.3356087451315274,0.31797556465615684,0.9474591150225838,0.09000138391343539,8.620914648215265e-16,0.9099986160865637
wine_red,1,output,restricted,8,0.8,0.7615996332392051,0.7615996332392051,0.5939964537883674,0.5610062154707206,0.9444605466796259,0.18640633846829646,0.0,0.8135936615317035
wine_red,1,output,restricted,16,1.6,1.3788719096146325,1.3788719096146322,1.0291646212591794,0.896680852245708,0.8712705758857335,0.38737628854249334,3.889818557056313e-16,0.6126237114575063
wine_red,1,objective,full,1,1.0,1.0,0.6,0.6,0.6000000000000001,1.0000000000000002,0.0,1.0,0.0
wine_red,1,objective,full,2,2.0,1.7454569518844858,1.0472741711306914,0.9491006625168789,0.9081239005854611,0.9568256945235364,0.2422144909950545,0.6643669434847351,0.09341856552021031
wine_red,1,objective,full,4,4.0,3.0771283950780877,1.8907359638764252,1.6206519731466322,1.4686132209792606,0.9061866738284496,0.3878674302818947,0.49862080612504545,0.11351176359305987
wine_red,1,objective,full,8,8.0,5.5820710027134535,3.256807776307773,2.8148231193634556,2.5239672885442226,0.8966699439057445,0.46631562489527184,0.44844434046003573,0.08524003464469244
wine_red,1,objective,full,16,16.0,10.088592094415343,5.802803754398957,4.8948400606183675,4.522865715504837,0.9240068438382155,0.5323118206178507,0.38592765555927977,0.0817605238228696
wine_red,1,objective,restricted,1,0.1,0.1,0.1,0.1,0.1,1.0,nan,nan,nan
wine_red,1,objective,restricted,2,0.2,0.1745456951884486,0.1745456951884486,0.1627763906690121,0.16171708094007062,0.9934922397247679,0.6838215119123662,0.0,0.3161784880876339
wine_red,1,objective,restricted,4,0.4,0.3077128395078088,0.3077128395078088,0.28378715006218047,0.27395203593661555,0.9653433422781477,0.7941218250956763,0.0,0.20587817490432372
wine_red,1,objective,restricted,8,0.8,0.5582071002713453,0.5582071002713453,0.49848699298252924,0.4882316695302577,0.9794270992089237,0.8019319037690613,0.0,0.1980680962309387
wine_red,1,objective,restricted,16,1.6,1.0088592094415343,1.008859209441534,0.8859046251247633,0.8661542364832837,0.9777059650877225,0.8278176996479595,3.109453060997991e-16,0.17218230035204019
wine_red,2,output,full,1,1.0,1.0,0.7,0.7,0.7,1.0,0.0,1.0,0.0
wine_red,2,output,full,2,2.0,1.978891133794145,1.2873346802764871,1.173088701760223,1.075742220388784,0.9170169474606906,0.02552736460463027,0.8363127399392835,0.13815989545608626
wine_red,2,output,full,4,4.0,3.915508554279938,2.438314196010338,2.004574720053404,1.753198649467527,0.8745988023937665,0.0423425755748285,0.7402904900097961,0.21736693441537544
wine_red,2,output,full,8,8.0,7.624928888638594,4.5376552660646166,3.461520018307915,3.1677710732621174,0.9151387415088849,0.08264245140981487,0.6802439660476254,0.23711358254255985
wine_red,2,output,full,16,16.0,13.89604658877462,8.048939015200714,5.90379474826767,5.150718899773099,0.8724420680926377,0.20839051492781197,0.5791391347328885,0.2124703503392996
wine_red,2,output,restricted,1,0.1,0.1,0.1,0.1,0.1,1.0,nan,nan,nan
wine_red,2,output,restricted,2,0.2,0.1978891133794145,0.19788911337941453,0.1910882125623822,0.1910882125623822,1.0,0.2368645611625767,-3.1144790885012627e-15,0.7631354388374264
wine_red,2,output,restricted,4,0.4,0.39155085542799384,0.39155085542799384,0.3411679434898912,0.3260707560379021,0.9557485169985308,0.14361463924951207,0.0,0.856385360750488
wine_red,2,output,restricted,8,0.8,0.7624928888638595,0.7624928888638596,0.5970833243575192,0.5757616018095825,0.9642902059425632,0.18483996456863117,-5.471324725333368e-16,0.8151600354313694
wine_red,2,output,restricted,16,1.6,1.3896046588774622,1.3896046588774622,1.0311915434261574,0.9120578550435213,0.884469874542598,0.36988785713530326,0.0,0.6301121428646967
wine_red,2,objective,full,1,1.0,1.0,0.6,0.6,0.6,1.0,0.0,1.0,0.0
wine_red,2,objective,full,2,2.0,1.7301773388074313,1.0418572519045077,0.9761889589064798,0.9108055982248351,0.9330218191005902,0.26354732500674577,0.672311646656728,0.06414102833652623
wine_red,2,objective,full,4,4.0,3.1323997009871585,1.918070058473425,1.68913305996111,1.5381184428369197,0.9105963759138861,0.37544364150981385,0.5254866134755891,0.099069745014597
wine_red,2,objective,full,8,8.0,5.709420787165883,3.3814605578263564,2.9281084107412876,2.6770318337046044,0.9142529777532656,0.4516222739628587,0.4589925057289666,0.08938522030817479
wine_red,2,objective,full,16,16.0,10.457808202012398,5.9779942874165375,5.078136333856325,4.68802909596152,0.9231790538402977,0.5074401189576885,0.4101693677501842,0.08239051329212732
wine_red,2,objective,restricted,1,0.1,0.1,0.1,0.1,0.1,1.0,nan,nan,nan
wine_red,2,objective,restricted,2,0.2,0.17301773388074315,0.17301773388074312,0.16371283506291237,0.16225655035602318,0.9911046393746125,0.7435760320773745,7.64886859134621e-16,0.25642396792262473
wine_red,2,objective,restricted,4,0.4,0.31323997009871585,0.31323997009871585,0.2928156107479114,0.282885423656494,0.966087234672859,0.8094465108835198,0.0,0.19055348911648018
wine_red,2,objective,restricted,8,0.8,0.5709420787165883,0.5709420787165883,0.5190331791183953,0.5018611164490516,0.9669152891179109,0.8152490054330414,0.0,0.18475099456695865
wine_red,2,objective,restricted,16,1.6,1.0457808202012397,1.0457808202012397,0.9136028224686742,0.8878728606128304,0.9718368187761088,0.8074321951498217,0.0,0.1925678048501783
wine_red,3,output,full,1,1.0,0.9999999999999999,0.6999999999999998,0.6999999999999998,0.7,1.0000000000000002,3.7007434154171867e-16,0.9999999999999997,0.0
wine_red,3,output,full,2,2.0,1.997241846380676,1.2983451078284054,1.1727184633779755,1.0882509234603122,0.9279728745172499,0.003333996344927658,0.8448112373038352,0.1518547663512371
wine_red,3,output,full,4,4.0,3.8246705010264193,2.391503921508855,1.9979311520700394,1.7845819557467562,0.8932149408140346,0.08757416067627381,0.7158428048063318,0.1965830345173946
wine_red,3,output,full,8,8.0,7.421524874112782,4.453041144829329,3.462188413089771,3.2230847203426904,0.9309385671088604,0.12747887716534714,0.6541663690591168,0.2183547537755361
wine_red,3,output,full,16,16.0,13.750515042150965,7.92461123590516,5.859102419532586,5.094481749003351,0.8694986679222049,0.22182306250502054,0.5744958727782831,0.2036810647166965
wine_red,3,output,restricted,1,0.1,0.09999999999999999,0.09999999999999999,0.09999999999999999,0.09999999999999999,1.0,nan,nan,nan
wine_red,3,output,restricted,2,0.2,0.19972418463806763,0.1997241846380676,0.18284329269139477,0.17962977950547326,0.982424768562086,0.016076241027556934,1.6177682067064012e-15,0.9839237589724414
wine_red,3,output,restricted,4,0.4,0.3824670501026419,0.38246705010264187,0.3340150979001216,0.32197176736522487,0.9639437540080957,0.2657115391460194,8.4127049468427e-16,0.7342884608539797
wine_red,3,output,restricted,8,0.8,0.7421524874112783,0.7421524874112782,0.5980541891512331,0.5858605919432338,0.9796112167940758,0.28645066884820203,5.497628398226986e-16,0.7135493311517974
wine_red,3,output,restricted,16,1.6,1.3750515042150966,1.3750515042150968,1.0298884573486928,0.9121834485757798,0.8857109156501002,0.3945692710215603,-3.894757224040957e-16,0.6054307289784401
wine_red,3,objective,full,1,1.0,1.0,0.6,0.6,0.6,1.0,0.0,1.0,0.0
wine_red,3,objective,full,2,2.0,1.812378671797787,1.0657865220043217,1.0083957102678907,0.9865516476206541,0.9783378068502161,0.1892098795305742,0.7529133924936567,0.05787672797576909
wine_red,3,objective,full,4,4.0,3.3628530079538805,1.9960711236979782,1.77349048523094,1.6373628655387296,0.9232431068416562,0.2861640553609789,0.6138675245668864,0.09996842007213468
wine_red,3,objective,full,8,8.0,6.142197619984352,3.5660385430383528,3.083207975651009,2.864322322976116,0.9290071722687874,0.37784847738432265,0.5239511991128192,0.09820032350285812
wine_red,3,objective,full,16,16.0,11.048760315521935,6.280095395898917,5.29010417128756,4.7910559705473,0.9056638235124214,0.46230512076542857,0.44525782471558495,0.09243705451898648
wine_red,3,objective,restricted,1,0.1,0.1,0.1,0.1,0.1,1.0,nan,nan,nan
wine_red,3,objective,restricted,2,0.2,0.18123786717977872,0.18123786717977872,0.1776027504237687,0.1776027504237687,1.0,0.8376980734336359,0.0,0.16230192656636414
wine_red,3,objective,restricted,4,0.4,0.3362853007953881,0.3362853007953881,0.3141611738473858,0.302718123497648,0.9635758607290643,0.7422596750255244,0.0,0.25774032497447563
wine_red,3,objective,restricted,8,0.8,0.6142197619984353,0.6142197619984353,0.5514019643670511,0.5265736519784661,0.9549723903920342,0.7473117698961481,0.0,0.25268823010385194
wine_red,3,objective,restricted,16,1.6,1.1048760315521935,1.1048760315521937,0.960633552933067,0.9231807610010032,0.9610124049719995,0.7743977975684635,-3.472884852554457e-16,0.2256022024315369
wine_red,4,output,full,1,1.0,1.0,0.6843496005315348,0.6843496005315348,0.6843496005315348,1.0,0.0,1.0,0.0
wine_red,4,output,full,2,2.0,1.9919361412500143,1.338001300420384,1.3377593823726859,1.3377593823726859,1.0,0.012176629665025737,0.9874580679943163,0.0003653023406579432
wine_red,4,output,full,4,4.0,3.9444785599031817,2.5229413797281115,2.1728508027539504,1.9384134770541137,0.8921061099074533,0.030386921976871033,0.7780082668222532,0.1916048112008758
wine_red,4,output,full,8,8.0,7.691693988192789,4.705489037114964,3.674771726282925,3.3398750214033526,0.9088659841142501,0.0712808647998259,0.6904155716413781,0.238303563558796
wine_red,4,output,full,16,16.0,14.348355187212974,8.689621210030039,6.250359159066906,5.307948214545783,0.8492229133498606,0.16940570834699126,0.580404352273695,0.25018993937931383
wine_red,4,output,restricted,1,0.1,0.1,0.1,0.1,0.1,1.0,nan,nan,nan
wine_red,4,output,restricted,2,0.2,0.19919361412500144,0.19919361412500144,0.19663512384457785,0.19663512384457785,1.0,0.23964801013527812,0.0,0.7603519898647219
wine_red,4,output,restricted,4,0.4,0.3944478559903182,0.3944478559903182,0.3464758160068826,0.33262595669836315,0.9600264761098237,0.10373150220087031,0.0,0.8962684977991296
wine_red,4,output,restricted,8,0.8,0.7691693988192789,0.7691693988192789,0.6197086167752205,0.5909747776726177,0.9536333071304944,0.17100429665173097,0.0,0.828995703348269
wine_red,4,output,restricted,16,1.6,1.4348355187212976,1.4348355187212973,1.0597404497997147,0.9192521192158125,0.8674313784941834,0.3057132099145173,4.10996168124589e-16,0.6942867900854823
wine_red,4,objective,full,1,1.0,1.0,0.6,0.6,0.6,1.0,0.0,1.0,0.0
wine_red,4,objective,full,2,2.0,1.8128538941654915,1.063263866044827,1.0058738443117992,0.9869137031060298,0.9811505773681375,0.1882518679985373,0.754019018443135,0.05772911355832767
wine_red,4,objective,full,4,4.0,3.3537307975315764,1.987790008064478,1.773130719171492,1.6273281719043706,0.9177711233071137,0.2902142519241088,0.61339064723139,0.09639510084450122
wine_red,4,objective,full,8,8.0,6.099353942572796,3.641081710198579,3.090562106292744,2.8415929332213357,0.9194421064813814,0.3871412773880662,0.5007237662635764,0.11213495634835735
wine_red,4,objective,full,16,16.0,10.923601625357827,6.355884466631358,5.25010275020182,4.737956097073312,0.9024501657403142,0.47222761824420945,0.42490798307976607,0.10286439867602439
wine_red,4,objective,restricted,1,0.1,0.1,0.1,0.1,0.10000000000000002,1.0000000000000002,nan,nan,nan
wine_red,4,objective,restricted,2,0.2,0.18128538941654915,0.18128538941654915,0.17767341107037343,0.17767341107037346,1.0000000000000002,0.838220770868283,0.0,0.16177922913171702
wine_red,4,objective,restricted,4,0.4,0.33537307975315767,0.33537307975315767,0.31021208419924245,0.2993403291149579,0.9649537989071313,0.7197730303736161,0.0,0.28022696962638394
wine_red,4,objective,restricted,8,0.8,0.6099353942572796,0.6099353942572796,0.5390455469733536,0.5190517166171089,0.9629088293772083,0.7283439831674866,0.0,0.27165601683251345
wine_red,4,objective,restricted,16,1.6,1.0923601625357828,1.0923601625357828,0.9413879389557005,0.9240423434760325,0.9815744447513214,0.7707721547936736,0.0,0.22922784520632644
cahousing,0,output,full,1,1.0,0.9999999999999999,0.7312005375989247,0.7312005375989247,0.7312005375989248,1.0000000000000002,4.130302251008948e-16,0.9999999999999996,0.0
cahousing,0,output,full,2,2.0,1.8095967123217234,1.4597789945462685,1.4565010882253608,1.456501088225361,1.0000000000000002,0.35032873765389805,0.6436401438840529,0.006031118462049118
cahousing,0,output,full,4,4.0,3.428499361585243,2.8593570810437576,2.5928752202983842,2.5928752202983842,1.0,0.4061478034207777,0.4044717915224074,0.1893804050568149
cahousing,0,output,full,8,8.0,5.716468280664609,4.440874114354101,3.2920854647346274,3.0617199439044245,0.9300244409515133,0.4850410308492728,0.2709467550346272,0.2440122141161001
cahousing,0,output,full,16,16.0,8.553593511360614,6.519877014016467,4.470150189087447,3.909524552687937,0.8745846084169359,0.6458372494663074,0.17638707621493155,0.17777567431876118
cahousing,0,output,restricted,1,0.1,0.09999999999999999,0.09999999999999999,0.09999999999999999,0.09999999999999999,1.0,nan,nan,nan
cahousing,0,output,restricted,2,0.2,0.18095967123217235,0.18095967123217233,0.16824687088577212,0.1618903138173551,0.9622188690051022,0.5996362972396347,8.741052107268457e-16,0.4003637027603644
cahousing,0,output,restricted,4,0.4,0.3428499361585243,0.3428499361585243,0.32366745662627583,0.3236674566262759,1.0000000000000002,0.7486985408264066,0.0,0.2513014591735934
cahousing,0,output,restricted,8,0.8,0.5716468280664609,0.5716468280664608,0.4269767965947591,0.39406832778672357,0.9229267981996016,0.6121688137599935,2.97628408766584e-16,0.38783118624000623
cahousing,0,output,restricted,16,1.6,0.8553593511360614,0.8553593511360613,0.5964803844543908,0.5252534707655839,0.8805880033189035,0.7420289920880925,1.1063291712753745e-16,0.25797100791190725
cahousing,0,objective,full,1,1.0,1.0,0.8999982000036,0.8999982000036,0.8999982000036,1.0,0.0,1.0,0.0
cahousing,0,objective,full,2,2.0,1.999684490026789,1.7994592568315748,1.7991952682274641,1.7991952682274641,1.0,0.0015712277814671062,0.9971141189143979,0.00131465330413496
cahousing,0,objective,full,4,4.0,3.998680389862054,3.2033605829554177,3.202847177025061,3.2028471770250606,0.9999999999999999,0.0016554042084694477,0.9977005462246725,0.0006440495668580075
cahousing,0,objective,full,8,8.0,5.938544180136095,4.621972084319633,3.6837285918435576,3.4736542902866354,0.9429723726058253,0.4776010646523246,0.30502532656508596,0.21737360878258946
cahousing,0,objective,full,16,16.0,8.50758421068037,6.456575208035821,4.765300634834673,4.282185081720821,0.8986180327045383,0.6668995356075889,0.1825602035248023,0.15054026086760894
cahousing,0,objective,restricted,1,0.1,0.1,0.1,0.1,0.1,1.0,nan,nan,nan
cahousing,0,objective,restricted,2,0.2,0.1999684490026789,0.1999684490026789,0.19995676707041926,0.19995676707041926,1.0,nan,nan,nan
cahousing,0,objective,restricted,4,0.4,0.39986803898620543,0.3998680389862054,0.3998039897638456,0.3998039897638456,1.0,nan,nan,nan
cahousing,0,objective,restricted,8,0.8,0.5938544180136095,0.5938544180136095,0.47105142666240274,0.4449667408280112,0.9446245476439536,0.62668027374244,0.0,0.3733197262575601
cahousing,0,objective,restricted,16,1.6,0.8507584210680371,0.8507584210680371,0.6356341787279558,0.5992059817749761,0.9426899965859599,0.7769267246983906,0.0,0.22307327530160934
cahousing,1,output,full,1,1.0,0.9999999999999999,0.7312005375989247,0.7312005375989247,0.7312005375989247,1.0,4.130302251008948e-16,0.9999999999999996,0.0
cahousing,1,output,full,2,2.0,1.8090406515562072,1.4591269413887256,1.3981827412686572,1.3981827412686572,1.0,0.31730453999664865,0.58142850689446,0.1012669531088913
cahousing,1,output,full,4,4.0,3.4265951331869116,2.6150120946983852,2.3644136057612726,2.3481079064897603,0.9931037026551611,0.35058060450544154,0.4962030996022513,0.1532162958923072
cahousing,1,output,full,8,8.0,5.708074783094918,4.191785833129673,3.0976791819742058,2.8491672405995123,0.9197747969444943,0.4675184064816182,0.3093002286569786,0.2231813648614032
cahousing,1,output,full,16,16.0,8.548915345955127,6.267124461561242,4.3319493532771265,3.7604684177263734,0.8680776507420552,0.638588645151074,0.19555887726925117,0.16585247757967478
cahousing,1,output,restricted,1,0.1,0.09999999999999999,0.09999999999999999,0.09999999999999999,0.1,1.0000000000000002,nan,nan,nan
cahousing,1,output,restricted,2,0.2,0.18090406515562074,0.18090406515562074,0.16810642800599934,0.16176253105469005,0.9622626152577408,0.5987392960553715,0.0,0.40126070394462854
cahousing,1,output,restricted,4,0.4,0.34265951331869116,0.34265951331869116,0.32338649247150647,0.32338649247150647,1.0,0.7484383437213497,0.0,0.25156165627865035
cahousing,1,output,restricted,8,0.8,0.5708074783094917,0.5708074783094917,0.4258054528012044,0.38992472215922225,0.915734450073532,0.6124956213451899,0.0,0.38750437865481013
cahousing,1,output,restricted,16,1.6,0.8548915345955127,0.8548915345955126,0.5932531952642265,0.5215357342079779,0.879111546926761,0.7401150536554673,1.1027827646461125e-16,0.2598849463445325
cahousing,1,objective,full,1,1.0,1.0,0.8997034430859239,0.8997034430859239,0.8997034430859238,0.9999999999999999,0.0,1.0,0.0
cahousing,1,objective,full,2,2.0,1.9999561806629256,1.7290654406037593,1.7288366983103873,1.7288366983103873,1.0,0.0001615975937797891,0.9989948432227072,0.0008435591835130679
cahousing,1,objective,full,4,4.0,3.9994869031344615,2.9039815734888874,2.903539379305551,2.9035393793055504,0.9999999999999999,0.00046795740389973356,0.9991287502434242,0.0004032923526761125
cahousing,1,objective,full,8,8.0,5.9273961002861215,4.313823226363742,3.4204263336977307,3.1928208534843505,0.9334569851801714,0.4525757310041006,0.3523412857828844,0.19508298321301507
cahousing,1,objective,full,16,16.0,8.537997824071343,6.186219695577407,4.588363963229525,4.068289778208106,0.8866536767376745,0.6538941613529083,0.20608597408084675,0.14001986456624493
cahousing,1,objective,restricted,1,0.1,0.1,0.1,0.1,0.1,1.0,nan,nan,nan
cahousing,1,objective,restricted,2,0.2,0.19999561806629257,0.19999561806629257,0.19999337435489115,0.19999337435489115,1.0,nan,nan,nan
cahousing,1,objective,restricted,4,0.4,0.39994869031344615,0.39994869031344615,0.3998870981154354,0.3998870981154353,0.9999999999999999,nan,nan,nan
cahousing,1,objective,restricted,8,0.8,0.5927396100286122,0.5927396100286122,0.47037572890308754,0.44394928009043455,0.9438184260181127,0.6287776967444592,0.0,0.37122230325554084
cahousing,1,objective,restricted,16,1.6,0.8537997824071344,0.8537997824071344,0.6381813239119133,0.6007701125601967,0.9413783983486168,0.7758221337807814,0.0,0.22417786621921862
cahousing,2,output,full,1,1.0,1.0,0.7312005375989248,0.7312005375989248,0.7312005375989249,1.0000000000000002,0.0,1.0,0.0
cahousing,2,output,full,2,2.0,1.7320420432651473,1.3898636489826228,1.3163776846354862,1.3163776846354864,1.0000000000000002,0.39196783181657113,0.5005371922361426,0.10749497594728635
cahousing,2,output,full,4,4.0,3.1954450932093117,2.6545867436915938,2.3910843298017346,2.3615563456699733,0.987650797688842,0.5000603336106134,0.3361632679300515,0.16377639845933503
cahousing,2,output,full,8,8.0,5.668490664391174,4.301495929740954,3.3418690113045764,3.1049733302782796,0.9291128167426829,0.5005246398753157,0.29346421085360397,0.20601114927108016
cahousing,2,output,full,16,16.0,8.717939266174618,6.485985606336227,4.520476767579588,3.9096616689326598,0.8648781688189101,0.6343521927164556,0.19442912520399092,0.1712186820795535
cahousing,2,output,restricted,1,0.1,0.1,0.1,0.1,0.1,1.0,nan,nan,nan
cahousing,2,output,restricted,2,0.2,0.17320420432651473,0.17320420432651473,0.16084875782025526,0.15186126570137254,0.9441245786372436,0.6844175096786157,0.0,0.3155824903213843
cahousing,2,output,restricted,4,0.4,0.3195445093209312,0.31954450932093115,0.2934134323601615,0.2925352283727961,0.9970069400698486,0.7548370536795221,5.208081323983792e-16,0.24516294632047733
cahousing,2,output,restricted,8,0.8,0.5668490664391175,0.5668490664391174,0.4442316450589102,0.41226527865461915,0.9280412218268422,0.6553447779229522,3.1206345623657103e-16,0.3446552220770474
cahousing,2,output,restricted,16,1.6,0.8717939266174618,0.8717939266174618,0.613536447647725,0.5368338934891294,0.8749828890318249,0.7381986609095612,0.0,0.26180133909043884
cahousing,2,objective,full,1,1.0,1.0,0.8999982000036,0.8999982000036,0.8999982000036,1.0,0.0,1.0,0.0
cahousing,2,objective,full,2,2.0,1.9996635771243612,1.799326545676864,1.7989961432435297,1.79899614324353,1.0000000000000002,0.0016737135349917246,0.9966825248045817,0.001643761660426539
cahousing,2,objective,full,4,4.0,3.9987623178115945,3.228197245321937,3.227646243116736,3.2276462431167356,0.9999999999999999,0.0016024809582075264,0.9976841125227065,0.000713406519086022
cahousing,2,objective,full,8,8.0,6.695995373964274,5.045303412282254,4.208240734530819,4.010791947429652,0.9530804439296934,0.34390490923594347,0.435336698907695,0.22075839185636154
cahousing,2,objective,full,16,16.0,9.763646011053972,7.272193160180479,5.437649031022983,4.8657468941224495,0.8948254781362854,0.5904323769644657,0.23588052112557228,0.17368710190996192
cahousing,2,objective,restricted,1,0.1,0.1,0.1,0.1,0.1,1.0,nan,nan,nan
cahousing,2,objective,restricted,2,0.2,0.19996635771243612,0.19996635771243615,0.19995908346873242,0.19995908346873242,1.0,nan,nan,nan
cahousing,2,objective,restricted,4,0.4,0.3998762317811595,0.3998762317811595,0.39981658064097886,0.3998124999490496,0.9999897935900439,nan,nan,nan
cahousing,2,objective,restricted,8,0.8,0.6695995373964274,0.6695995373964274,0.5572888121616274,0.5292552827974211,0.9496965868461111,0.5372659734598205,0.0,0.4627340265401795
cahousing,2,objective,restricted,16,1.6,0.9763646011053972,0.9763646011053972,0.7370076728214038,0.6889429330051824,0.9347839356512795,0.7226430400991751,0.0,0.2773569599008249
cahousing,3,output,full,1,1.0,0.9999999999999998,0.8997573315341924,0.8997573315341924,0.8997573315341925,1.0000000000000002,2.2150707709937886e-15,0.9999999999999978,0.0
cahousing,3,output,full,2,2.0,1.9997323678320615,1.7987888963534613,1.7982175707757986,1.7982175707757986,1.0,0.0013263403011225085,0.9958422656084243,0.0028313940904532587
cahousing,3,output,full,4,4.0,3.998145343178642,3.2467791106373274,3.2259703168450358,3.225970316845036,1.0000000000000002,0.0023961055521777466,0.9707201789454988,0.026883715502323442
cahousing,3,output,full,8,8.0,7.121100241354087,5.422246088785403,4.338382888971628,4.044175118350814,0.9321849227810887,0.24003049253805575,0.46396280688440344,0.2960067005775408
cahousing,3,output,full,16,16.0,11.268156694985604,8.390428955669364,5.934158018360131,5.251131950737845,0.8848992450977845,0.47008917024977087,0.2858904147874789,0.24402041496275023
cahousing,3,output,restricted,1,0.1,0.09999999999999998,0.09999999999999998,0.09999999999999998,0.09999999999999998,1.0,nan,nan,nan
cahousing,3,output,restricted,2,0.2,0.19997323678320617,0.19997323678320617,0.19993820231905132,0.19993820231905135,1.0000000000000002,nan,nan,nan
cahousing,3,output,restricted,4,0.4,0.39981453431786423,0.39981453431786423,0.3996404406876775,0.3996132053307962,0.9999318503481919,nan,nan,nan
cahousing,3,output,restricted,8,0.8,0.7121100241354088,0.7121100241354088,0.577358806516312,0.5349413820728797,0.9265319521159259,0.39476062129100364,0.0,0.6052393787089964
cahousing,3,output,restricted,16,1.6,1.1268156694985605,1.1268156694985607,0.8033477483039521,0.7190878154962919,0.8951139989057642,0.5939659738537671,-2.7872212053917527e-16,0.40603402614623313
cahousing,3,objective,full,1,1.0,1.0,0.8999982000036,0.8999982000036,0.8999982000036,1.0,0.0,1.0,0.0
cahousing,3,objective,full,2,2.0,1.999655347937225,1.7993205530100962,1.79898755856345,1.79898755856345,1.0,0.0017145807508825194,0.9966288329987025,0.001656586250415004
cahousing,3,objective,full,4,4.0,3.9987429134757715,3.228176517709216,3.2276198125018194,3.22761981250182,1.0000000000000002,0.001627548899590946,0.9976516853215771,0.0007207657788319316
cahousing,3,objective,full,8,8.0,6.579345312161336,4.959497830522014,4.173747105791957,3.9619375038763995,0.9492519320057444,0.37129137229511616,0.4233508673959717,0.20535776030891212
cahousing,3,objective,full,16,16.0,9.448432660818002,7.092263670711392,5.3280374575854275,4.746766759416112,0.8909034137247345,0.6139046415449356,0.2207812275148332,0.16531413094023115
cahousing,3,objective,restricted,1,0.1,0.1,0.1,0.1,0.1,1.0,nan,nan,nan
cahousing,3,objective,restricted,2,0.2,0.1999655347937225,0.19996553479372253,0.19995811005577063,0.1999581100557706,0.9999999999999999,nan,nan,nan
cahousing,3,objective,restricted,4,0.4,0.3998742913475772,0.3998742913475771,0.3998140093539801,0.39980977144252816,0.9999894002927542,nan,nan,nan
cahousing,3,objective,restricted,8,0.8,0.6579345312161337,0.6579345312161337,0.5514316677780979,0.5263721714575418,0.9545555727302909,0.5715348673500436,0.0,0.4284651326499564
cahousing,3,objective,restricted,16,1.6,0.9448432660818002,0.9448432660818002,0.716140480623696,0.6708769585251225,0.9367951912742695,0.7412453218589663,0.0,0.2587546781410337
cahousing,4,output,full,1,1.0,1.0,0.7339869482395319,0.7339869482395318,0.733986948239532,1.0000000000000002,0.0,0.9999999999999996,4.1735659858707174e-16
cahousing,4,output,full,2,2.0,1.8156092230045404,1.4676807409755233,1.4673142074614813,1.4673142074614813,1.0,0.3461529847018141,0.6531589295275946,0.0006880857705913345
cahousing,4,output,full,4,4.0,3.4465264972895717,2.8751516106508808,2.612123702053949,2.612123702053949,1.0,0.3987916671893065,0.41169006739597863,0.1895182654147149
cahousing,4,output,full,8,8.0,5.762648628662683,4.47198990086293,3.3141117632636083,3.078874025469327,0.9290193709210856,0.4774657990766716,0.27543523502785594,0.2470989658954725
cahousing,4,output,full,16,16.0,8.618108519572377,6.532289685781963,4.480465384372157,3.9606140542764297,0.8839738095268035,0.6408150786241888,0.18106797743033057,0.17811694394548044
cahousing,4,output,restricted,1,0.1,0.1,0.1,0.1,0.1,1.0,nan,nan,nan
cahousing,4,output,restricted,2,0.2,0.18156092230045406,0.18156092230045404,0.16874341067566526,0.16309164421215336,0.9665067427469809,0.5899260955254079,8.879911793197432e-16,0.4100739044745913
cahousing,4,output,restricted,4,0.4,0.3446526497289572,0.34465264972895715,0.3260702461186546,0.32607024611865465,1.0000000000000002,0.7486478361590829,7.508634658834549e-16,0.25135216384091635
cahousing,4,output,restricted,8,0.8,0.5762648628662683,0.5762648628662683,0.42939675617294254,0.3961682074669087,0.92261574353242,0.6037052855320878,0.0,0.39629471446791215
cahousing,4,output,restricted,16,1.6,0.8618108519572378,0.8618108519572378,0.5966152038873387,0.5256565742836977,0.8810646642236084,0.7356989570727733,0.0,0.2643010429272267
cahousing,4,objective,full,1,1.0,1.0,0.8999982000036,0.8999982000036,0.8999982000036001,1.0000000000000002,0.0,1.0,0.0
cahousing,4,objective,full,2,2.0,1.9996834496464995,1.7994607812762076,1.7991975744981283,1.7991975744981286,1.0000000000000002,0.0015764269416037638,0.9971127981640124,0.0013107748943838064
cahousing,4,objective,full,4,4.0,3.9986837764549703,3.203362816064129,3.20284970288617,3.20284970288617,1.0,0.0016511610794040035,0.9977051545616783,0.0006436843589176983
cahousing,4,objective,full,8,8.0,5.913229216548767,4.6129748555739205,3.648653042774176,3.471220699282325,0.9513704533120134,0.4795689252004952,0.29881652135682973,0.2216145534426752
cahousing,4,objective,full,16,16.0,8.448633981045774,6.28827376689111,4.639085495689451,4.277761966022252,0.9221131988184021,0.6646794160882993,0.1901572459976687,0.14516333791403194
cahousing,4,objective,restricted,1,0.1,0.1,0.1,0.1,0.10000000000000002,1.0000000000000002,nan,nan,nan
cahousing,4,objective,restricted,2,0.2,0.19996834496464996,0.19996834496464996,0.19995650865166323,0.19995650865166323,1.0,nan,nan,nan
cahousing,4,objective,restricted,4,0.4,0.39986837764549704,0.3998683776454971,0.39980435214748644,0.39980435214748644,1.0,nan,nan,nan
cahousing,4,objective,restricted,8,0.8,0.5913229216548767,0.5913229216548768,0.4689792501325488,0.4440260050399837,0.946792432531903,0.6304048263701981,-3.3539378575805803e-16,0.36959517362980215
cahousing,4,objective,restricted,16,1.6,0.8448633981045774,0.8448633981045772,0.6307044280462764,0.5943079939967952,0.9422924076144101,0.7790571047109607,2.2907832383622217e-16,0.22094289528903913
