dataset,seed,mechanism,threat,k,accuracy,U0,U2,U3,certified_U0,certified_correct_U0,tv_certified_U0,certified_U2,certified_correct_U2,tv_certified_U2,certified_U3,certified_correct_U3,tv_certified_U3
wine_red,0,output,full,1,0.834375,1.0,0.6950905404199927,0.6950905404199927,0.7,0.653125,0.653125,0.78125,0.715625,0.771875,0.78125,0.715625,0.771875
wine_red,0,output,full,2,0.834375,2.0,1.2950905404199928,1.1721051719852604,0.425,0.4125,0.0,0.61875,0.596875,0.40625,0.659375,0.625,0.55
wine_red,0,output,full,4,0.834375,4.0,2.437378624259614,2.0696917910133656,0.059375,0.05625,0.0,0.359375,0.35,0.0,0.409375,0.396875,0.0
wine_red,0,output,full,8,0.834375,8.0,4.622177430615151,3.570855669733058,0.0,0.0,0.0,0.015625,0.015625,0.0,0.15,0.146875,0.0
wine_red,0,output,restricted,1,0.834375,0.1,0.1,0.1,0.971875,0.81875,0.971875,0.971875,0.81875,0.971875,0.971875,0.81875,0.971875
wine_red,0,output,restricted,2,0.834375,0.2,0.19929864863142754,0.18500674720035792,0.93125,0.803125,0.93125,0.93125,0.803125,0.93125,0.93125,0.803125,0.93125
wine_red,0,output,restricted,4,0.834375,0.4,0.38994080990545943,0.3523294174543369,0.85,0.75625,0.846875,0.85625,0.759375,0.85,0.86875,0.76875,0.86875
wine_red,0,output,restricted,8,0.834375,0.8,0.760632429125431,0.6182255575598713,0.753125,0.69375,0.7375,0.765625,0.70625,0.75,0.803125,0.73125,0.796875
wine_red,0,objective,full,1,0.834375,1.0,0.6,0.6,0.5875,0.571875,0.521875,0.746875,0.6875,0.734375,0.746875,0.6875,0.734375
wine_red,0,objective,full,2,0.834375,2.0,1.0501553668716086,0.9952629944244268,0.25625,0.25,0.0,0.56875,0.553125,0.484375,0.5875,0.571875,0.521875
wine_red,0,objective,full,4,0.834375,4.0,1.9492952810953281,1.7472993575792324,0.00625,0.00625,0.0,0.28125,0.275,0.0,0.346875,0.3375,0.0
wine_red,0,objective,full,8,0.834375,8.0,3.4926062840047383,3.0177155554797426,0.0,0.0,0.0,0.021875,0.021875,0.0,0.06875,0.065625,0.0
wine_red,0,objective,restricted,1,0.834375,0.1,0.1,0.1,0.953125,0.8125,0.95,0.953125,0.8125,0.95,0.953125,0.8125,0.95
wine_red,0,objective,restricted,2,0.834375,0.2,0.1815494393169048,0.17795568459920474,0.90625,0.7875,0.90625,0.9125,0.7875,0.9125,0.9125,0.7875,0.9125
wine_red,0,objective,restricted,4,0.834375,0.4,0.33160122827410765,0.30767291206655045,0.81875,0.74375,0.815625,0.840625,0.753125,0.8375,0.846875,0.753125,0.84375
wine_red,0,objective,restricted,8,0.834375,0.8,0.5984920487515073,0.5376045935126401,0.684375,0.64375,0.64375,0.746875,0.6875,0.734375,0.78125,0.7125,0.775
wine_red,1,output,full,1,0.834375,1.0,0.6933243598870195,0.6933243598870195,0.70625,0.659375,0.659375,0.7875,0.725,0.778125,0.7875,0.725,0.778125
wine_red,1,output,full,2,0.834375,2.0,1.2933243598870194,1.172505561049064,0.4375,0.428125,0.0,0.634375,0.6125,0.4125,0.659375,0.628125,0.54375
wine_red,1,output,full,4,0.834375,4.0,2.4538135183720766,2.027766605559602,0.075,0.071875,0.0,0.34375,0.3375,0.0,0.43125,0.421875,0.0
wine_red,1,output,full,8,0.834375,8.0,4.604878305912495,3.542273975780164,0.0,0.0,0.0,0.009375,0.009375,0.0,0.1375,0.134375,0.0
wine_red,1,output,restricted,1,0.834375,0.1,0.09999999999999999,0.09999999999999999,0.984375,0.828125,0.984375,0.984375,0.828125,0.984375,0.984375,0.828125,0.984375
wine_red,1,output,restricted,2,0.834375,0.2,0.19904633712671707,0.1931132903887479,0.965625,0.81875,0.965625,0.965625,0.81875,0.965625,0.965625,0.81875,0.965625
wine_red,1,output,restricted,4,0.834375,0.4,0.3942046979499147,0.3356087451315274,0.8875,0.771875,0.88125,0.8875,0.771875,0.8875,0.903125,0.7875,0.903125
wine_red,1,output,restricted,8,0.834375,0.8,0.7615996332392051,0.5939964537883674,0.765625,0.70625,0.75,0.775,0.7125,0.765625,0.828125,0.74375,0.8125
wine_red,1,objective,full,1,0.834375,1.0,0.6,0.6,0.603125,0.578125,0.509375,0.765625,0.7125,0.74375,0.765625,0.7125,0.74375
wine_red,1,objective,full,2,0.834375,2.0,1.0472741711306914,0.9491006625168789,0.2,0.19375,0.0,0.59375,0.571875,0.471875,0.63125,0.60625,0.559375
wine_red,1,objective,full,4,0.834375,4.0,1.8907359638764252,1.6206519731466322,0.0,0.0,0.0,0.228125,0.221875,0.0,0.3375,0.33125,0.0
wine_red,1,objective,full,8,0.834375,8.0,3.256807776307773,2.8148231193634556,0.0,0.0,0.0,0.025,0.025,0.0,0.084375,0.08125,0.0
wine_red,1,objective,restricted,1,0.834375,0.1,0.1,0.1,0.978125,0.828125,0.978125,0.978125,0.828125,0.978125,0.978125,0.828125,0.978125
wine_red,1,objective,restricted,2,0.834375,0.2,0.1745456951884486,0.1627763906690121,0.921875,0.796875,0.921875,0.940625,0.80625,0.940625,0.946875,0.80625,0.946875
wine_red,1,objective,restricted,4,0.834375,0.4,0.3077128395078088,0.28378715006218047,0.834375,0.74375,0.83125,0.878125,0.7625,0.878125,0.890625,0.771875,0.890625
wine_red,1,objective,restricted,8,0.834375,0.8,0.5582071002713453,0.49848699298252924,0.68125,0.653125,0.653125,0.76875,0.715625,0.765625,0.790625,0.728125,0.778125
wine_red,2,output,full,1,0.853125,1.0,0.7,0.7,0.65625,0.615625,0.60625,0.753125,0.690625,0.7375,0.753125,0.690625,0.7375
wine_red,2,output,full,2,0.853125,2.0,1.2873346802764871,1.173088701760223,0.428125,0.41875,0.0,0.58125,0.5625,0.41875,0.6125,0.5875,0.515625
wine_red,2,output,full,4,0.853125,4.0,2.438314196010338,2.004574720053404,0.053125,0.05,0.0,0.35,0.34375,0.0,0.425,0.415625,0.0
wine_red,2,output,full,8,0.853125,8.0,4.5376552660646166,3.461520018307915,0.0,0.0,0.0,0.015625,0.015625,0.0,0.14375,0.140625,0.0
wine_red,2,output,restricted,1,0.853125,0.1,0.1,0.1,0.96875,0.83125,0.96875,0.96875,0.83125,0.96875,0.96875,0.83125,0.96875
wine_red,2,output,restricted,2,0.853125,0.2,0.19788911337941453,0.1910882125623822,0.934375,0.8125,0.934375,0.934375,0.8125,0.934375,0.934375,0.8125,0.934375
wine_red,2,output,restricted,4,0.853125,0.4,0.39155085542799384,0.3411679434898912,0.859375,0.771875,0.853125,0.859375,0.771875,0.859375,0.878125,0.78125,0.871875
wine_red,2,output,restricted,8,0.853125,0.8,0.7624928888638596,0.5970833243575192,0.71875,0.659375,0.6875,0.7375,0.678125,0.70625,0.778125,0.709375,0.771875
wine_red,2,objective,full,1,0.853125,1.0,0.6,0.6,0.5625,0.553125,0.475,0.709375,0.65625,0.70625,0.709375,0.65625,0.70625
wine_red,2,objective,full,2,0.853125,2.0,1.0418572519045077,0.9761889589064798,0.225,0.21875,0.0,0.54375,0.534375,0.446875,0.575,0.559375,0.484375
wine_red,2,objective,full,4,0.853125,4.0,1.918070058473425,1.68913305996111,0.00625,0.00625,0.0,0.25,0.24375,0.0,0.315625,0.309375,0.0
wine_red,2,objective,full,8,0.853125,8.0,3.3814605578263564,2.9281084107412876,0.0,0.0,0.0,0.03125,0.03125,0.0,0.071875,0.06875,0.0
wine_red,2,objective,restricted,1,0.853125,0.1,0.1,0.1,0.95,0.81875,0.95,0.95,0.81875,0.95,0.95,0.81875,0.95
wine_red,2,objective,restricted,2,0.853125,0.2,0.17301773388074312,0.16371283506291237,0.8875,0.784375,0.8875,0.903125,0.79375,0.903125,0.91875,0.8,0.91875
wine_red,2,objective,restricted,4,0.853125,0.4,0.31323997009871585,0.2928156107479114,0.80625,0.7375,0.803125,0.834375,0.753125,0.83125,0.846875,0.7625,0.840625
wine_red,2,objective,restricted,8,0.853125,0.8,0.5709420787165883,0.5190331791183953,0.63125,0.603125,0.6125,0.715625,0.6625,0.709375,0.75625,0.696875,0.7375
wine_red,3,output,full,1,0.853125,1.0,0.6999999999999998,0.6999999999999998,0.68125,0.65,0.625,0.778125,0.715625,0.759375,0.778125,0.715625,0.759375
wine_red,3,output,full,2,0.853125,2.0,1.2983451078284054,1.1727184633779755,0.43125,0.428125,0.0,0.596875,0.58125,0.40625,0.6375,0.61875,0.534375
wine_red,3,output,full,4,0.853125,4.0,2.391503921508855,1.9979311520700394,0.03125,0.03125,0.0,0.340625,0.340625,0.0,0.43125,0.428125,0.0
wine_red,3,output,full,8,0.853125,8.0,4.453041144829329,3.462188413089771,0.0,0.0,0.0,0.003125,0.003125,0.0,0.10625,0.10625,0.0
wine_red,3,output,restricted,1,0.853125,0.1,0.09999999999999999,0.09999999999999999,0.978125,0.840625,0.975,0.978125,0.840625,0.975,0.978125,0.840625,0.975
wine_red,3,output,restricted,2,0.853125,0.2,0.1997241846380676,0.18284329269139477,0.9375,0.815625,0.9375,0.9375,0.815625,0.9375,0.946875,0.825,0.94375
wine_red,3,output,restricted,4,0.853125,0.4,0.38246705010264187,0.3340150979001216,0.875,0.775,0.871875,0.878125,0.778125,0.878125,0.89375,0.7875,0.89375
wine_red,3,output,restricted,8,0.853125,0.8,0.7421524874112782,0.5980541891512331,0.734375,0.6875,0.703125,0.765625,0.70625,0.73125,0.784375,0.721875,0.778125
wine_red,3,objective,full,1,0.853125,1.0,0.6,0.6,0.61875,0.6,0.546875,0.7375,0.690625,0.73125,0.7375,0.690625,0.73125
wine_red,3,objective,full,2,0.853125,2.0,1.0657865220043217,1.0083957102678907,0.246875,0.246875,0.0,0.603125,0.584375,0.50625,0.615625,0.596875,0.54375
wine_red,3,objective,full,4,0.853125,4.0,1.9960711236979782,1.77349048523094,0.0,0.0,0.0,0.246875,0.246875,0.0,0.340625,0.340625,0.0
wine_red,3,objective,full,8,0.853125,8.0,3.5660385430383528,3.083207975651009,0.0,0.0,0.0,0.00625,0.00625,0.0,0.05,0.05,0.0
wine_red,3,objective,restricted,1,0.853125,0.1,0.1,0.1,0.965625,0.834375,0.965625,0.965625,0.834375,0.965625,0.965625,0.834375,0.965625
wine_red,3,objective,restricted,2,0.853125,0.2,0.18123786717977872,0.1776027504237687,0.921875,0.809375,0.921875,0.9375,0.81875,0.9375,0.9375,0.81875,0.9375
wine_red,3,objective,restricted,4,0.853125,0.4,0.3362853007953881,0.3141611738473858,0.815625,0.740625,0.8125,0.85625,0.7625,0.853125,0.865625,0.76875,0.865625
wine_red,3,objective,restricted,8,0.853125,0.8,0.6142197619984353,0.5514019643670511,0.678125,0.65,0.646875,0.734375,0.690625,0.725,0.74375,0.696875,0.74375
wine_red,4,output,full,1,0.81875,1.0,0.6843496005315348,0.6843496005315348,0.690625,0.628125,0.6375,0.803125,0.7125,0.790625,0.803125,0.7125,0.790625
wine_red,4,output,full,2,0.81875,2.0,1.338001300420384,1.3377593823726859,0.4625,0.453125,0.0,0.60625,0.56875,0.30625,0.60625,0.56875,0.30625
wine_red,4,output,full,4,0.81875,4.0,2.5229413797281115,2.1728508027539504,0.071875,0.06875,0.0,0.359375,0.35625,0.0,0.415625,0.409375,0.0
wine_red,4,output,full,8,0.81875,8.0,4.705489037114964,3.674771726282925,0.0,0.0,0.0,0.015625,0.015625,0.0,0.11875,0.115625,0.0
wine_red,4,output,restricted,1,0.81875,0.1,0.1,0.1,0.96875,0.796875,0.96875,0.96875,0.796875,0.96875,0.96875,0.796875,0.96875
wine_red,4,output,restricted,2,0.81875,0.2,0.19919361412500144,0.19663512384457785,0.953125,0.790625,0.953125,0.953125,0.790625,0.953125,0.953125,0.790625,0.953125
wine_red,4,output,restricted,4,0.81875,0.4,0.3944478559903182,0.3464758160068826,0.89375,0.7625,0.89375,0.896875,0.7625,0.89375,0.909375,0.76875,0.903125
wine_red,4,output,restricted,8,0.81875,0.8,0.7691693988192789,0.6197086167752205,0.76875,0.6875,0.728125,0.784375,0.696875,0.75,0.815625,0.71875,0.8125
wine_red,4,objective,full,1,0.81875,1.0,0.6,0.6,0.603125,0.56875,0.540625,0.75625,0.68125,0.74375,0.75625,0.68125,0.74375
wine_red,4,objective,full,2,0.81875,2.0,1.063263866044827,1.0058738443117992,0.24375,0.240625,0.0,0.5875,0.55625,0.49375,0.603125,0.56875,0.534375
wine_red,4,objective,full,4,0.81875,4.0,1.987790008064478,1.773130719171492,0.003125,0.003125,0.0,0.24375,0.240625,0.0,0.3125,0.309375,0.0
wine_red,4,objective,full,8,0.81875,8.0,3.641081710198579,3.090562106292744,0.0,0.0,0.0,0.021875,0.021875,0.0,0.071875,0.06875,0.0
wine_red,4,objective,restricted,1,0.81875,0.1,0.1,0.1,0.959375,0.796875,0.959375,0.959375,0.796875,0.959375,0.959375,0.796875,0.959375
wine_red,4,objective,restricted,2,0.81875,0.2,0.18128538941654915,0.17767341107037343,0.921875,0.771875,0.921875,0.93125,0.778125,0.93125,0.934375,0.78125,0.934375
wine_red,4,objective,restricted,4,0.81875,0.4,0.33537307975315767,0.31021208419924245,0.84375,0.7375,0.834375,0.871875,0.740625,0.86875,0.8875,0.75625,0.8875
wine_red,4,objective,restricted,8,0.81875,0.8,0.6099353942572796,0.5390455469733536,0.671875,0.628125,0.6375,0.746875,0.678125,0.74375,0.790625,0.709375,0.775
cahousing,0,output,full,1,0.8040127232689014,1.0,0.7312005375989247,0.7312005375989247,0.9334475165157817,0.76535356006851,0.9214582823586983,0.9508196721311475,0.7768534377293859,0.9469048201614877,0.9508196721311475,0.7768534377293859,0.9469048201614877
cahousing,0,output,full,2,0.8040127232689014,2.0,1.4597789945462685,1.4565010882253608,0.8700758502569121,0.7274284316124296,0.0,0.9062882309762662,0.7504281869341816,0.0,0.9062882309762662,0.7504281869341816,0.0
cahousing,0,output,full,4,0.8040127232689014,4.0,2.8593570810437576,2.5928752202983842,0.7450452654758992,0.648886713971128,0.0,0.8120871054563249,0.6929287986298018,0.0,0.8314166870565207,0.7034499632982628,0.0
cahousing,0,output,full,8,0.8040127232689014,8.0,4.440874114354101,3.2920854647346274,0.5157817470026914,0.485686322485931,0.0,0.7195987276731098,0.6317592366038659,0.0,0.7851724981649132,0.6750672865182286,0.0
cahousing,0,output,restricted,1,0.8040127232689014,0.1,0.09999999999999999,0.09999999999999999,0.9951064350379252,0.8020552972840714,0.9951064350379252,0.9951064350379252,0.8020552972840714,0.9951064350379252,0.9951064350379252,0.8020552972840714,0.9951064350379252
cahousing,0,output,restricted,2,0.8040127232689014,0.2,0.18095967123217233,0.16824687088577212,0.9885001223391241,0.797651088818204,0.9885001223391241,0.990457548323954,0.7991191583068266,0.9902128700758502,0.9916809395644727,0.799608514803034,0.9916809395644727
cahousing,0,output,restricted,4,0.8040127232689014,0.4,0.3428499361585243,0.32366745662627583,0.9718620014680694,0.789087350134573,0.971372644971862,0.9774896011744556,0.7912894543675068,0.9770002446782481,0.9782236359187668,0.7917788108637143,0.9779789576706631
cahousing,0,output,restricted,8,0.8040127232689014,0.8,0.5716468280664608,0.4269767965947591,0.9461707854171764,0.772938585759726,0.9412772204551015,0.9606068020552972,0.7819916809395645,0.9596280890628823,0.970393931979447,0.7883533153902618,0.9701492537313433
cahousing,0,objective,full,1,0.8040127232689014,1.0,0.8999982000036,0.8999982000036,0.9366283337411304,0.7675556643014436,0.9248837778321507,0.9434793246880352,0.7722045510154147,0.9346709077563005,0.9434793246880352,0.7722045510154147,0.9346709077563005
cahousing,0,objective,full,2,0.8040127232689014,2.0,1.7994592568315748,1.7991952682274641,0.8776608759481282,0.7335453878150232,0.0,0.8901394666014192,0.7416197700024468,0.0,0.8901394666014192,0.7416197700024468,0.0
cahousing,0,objective,full,4,0.8040127232689014,4.0,3.2033605829554177,3.202847177025061,0.7533643259114264,0.6547589919256178,0.0,0.800587227795449,0.685099094690482,0.0,0.800587227795449,0.685099094690482,0.0
cahousing,0,objective,full,8,0.8040127232689014,8.0,4.621972084319633,3.6837285918435576,0.542941032542207,0.49987766087594815,0.0,0.7173966234401762,0.629801810619036,0.0,0.7712258380229997,0.6662588695864937,0.0
cahousing,0,objective,restricted,1,0.8040127232689014,0.1,0.1,0.1,0.9948617567898214,0.8018106190359677,0.9948617567898214,0.9948617567898214,0.8018106190359677,0.9948617567898214,0.9948617567898214,0.8018106190359677,0.9948617567898214
cahousing,0,objective,restricted,2,0.8040127232689014,0.2,0.1999684490026789,0.19995676707041926,0.9885001223391241,0.798629801810619,0.9885001223391241,0.9885001223391241,0.798629801810619,0.9885001223391241,0.9885001223391241,0.798629801810619,0.9885001223391241
cahousing,0,objective,restricted,4,0.8040127232689014,0.4,0.3998680389862054,0.3998039897638456,0.9745534621972106,0.7905554196231955,0.9743087839491069,0.9745534621972106,0.7905554196231955,0.9743087839491069,0.9745534621972106,0.7905554196231955,0.9743087839491069
cahousing,0,objective,restricted,8,0.8040127232689014,0.8,0.5938544180136095,0.47105142666240274,0.9491069243944213,0.7756300464888671,0.9442133594323464,0.9613408367996085,0.7819916809395645,0.9588940543185711,0.9696598972351358,0.7871299241497431,0.9679471494984095
cahousing,1,output,full,1,0.802544653780279,1.0,0.7312005375989247,0.7312005375989247,0.9400538292145828,0.7687790555419624,0.9283092733056031,0.9586493760704673,0.7788108637142158,0.9552238805970149,0.9586493760704673,0.7788108637142158,0.9552238805970149
cahousing,1,output,full,2,0.802544653780279,2.0,1.4591269413887256,1.3981827412686572,0.8776608759481282,0.7296305358453633,0.0,0.9121605089307561,0.7511622216784928,0.0,0.9155860044042085,0.7540983606557377,0.0
cahousing,1,output,full,4,0.802544653780279,4.0,2.6150120946983852,2.3644136057612726,0.7492047956936628,0.6513334964521654,0.0,0.8404697822363592,0.7098115977489601,0.0,0.8553951553706876,0.7178859799363837,0.0
cahousing,1,output,full,8,0.802544653780279,8.0,4.191785833129673,3.0976791819742058,0.5179838512356252,0.47859065329092243,0.0,0.7381942745289943,0.6439931490090531,0.0,0.8076828969904576,0.6902373379006607,0.0
cahousing,1,output,restricted,1,0.802544653780279,0.1,0.09999999999999999,0.09999999999999999,0.9948617567898214,0.799608514803034,0.9948617567898214,0.9948617567898214,0.799608514803034,0.9948617567898214,0.9948617567898214,0.799608514803034,0.9948617567898214
cahousing,1,output,restricted,2,0.802544653780279,0.2,0.18090406515562074,0.16810642800599934,0.9882554440910203,0.7956936628333741,0.9882554440910203,0.9889894788353315,0.7964276975776854,0.9889894788353315,0.9902128700758502,0.7971617323219966,0.9902128700758502
cahousing,1,output,restricted,4,0.802544653780279,0.4,0.34265951331869116,0.32338649247150647,0.9772449229263519,0.7883533153902618,0.9772449229263519,0.9801810619035968,0.7903107413750917,0.9799363836554931,0.980915096647908,0.7910447761194029,0.9801810619035968
cahousing,1,output,restricted,8,0.802544653780279,0.8,0.5708074783094917,0.4258054528012044,0.9547345241008074,0.7766087594812822,0.9498409591387326,0.9691705407389283,0.7839491069243945,0.9669684365059946,0.9762662099339369,0.7878639588940544,0.9762662099339369
cahousing,1,objective,full,1,0.802544653780279,1.0,0.8997034430859239,0.8997034430859239,0.9464154636652802,0.7724492292635184,0.934181551260093,0.9505749938830438,0.7734279422559335,0.9447027159285539,0.9505749938830438,0.7734279422559335,0.9447027159285539
cahousing,1,objective,full,2,0.802544653780279,2.0,1.7290654406037593,1.7288366983103873,0.8827991191583068,0.7347687790555419,0.0,0.8979691705407389,0.7418644482505505,0.0,0.8979691705407389,0.7418644482505505,0.0
cahousing,1,objective,full,4,0.802544653780279,4.0,2.9039815734888874,2.903539379305551,0.7589919256178126,0.6572057744066553,0.0,0.829214582823587,0.7010031808172253,0.0,0.829214582823587,0.7010031808172253,0.0
cahousing,1,objective,full,8,0.802544653780279,8.0,4.313823226363742,3.4204263336977307,0.5390261805725471,0.4900905309517984,0.0,0.7384389527770981,0.6408123317837044,0.0,0.7961830193295816,0.6819182774651333,0.0
cahousing,1,objective,restricted,1,0.802544653780279,0.1,0.1,0.1,0.9946170785417177,0.7998531930511378,0.9946170785417177,0.9946170785417177,0.7998531930511378,0.9946170785417177,0.9946170785417177,0.7998531930511378,0.9946170785417177
cahousing,1,objective,restricted,2,0.802544653780279,0.2,0.19999561806629257,0.19999337435489115,0.9872767310986054,0.7952043063371667,0.9872767310986054,0.9872767310986054,0.7952043063371667,0.9872767310986054,0.9872767310986054,0.7952043063371667,0.9872767310986054
cahousing,1,objective,restricted,4,0.802544653780279,0.4,0.39994869031344615,0.3998870981154354,0.9774896011744556,0.7885979936383656,0.9772449229263519,0.9774896011744556,0.7885979936383656,0.9772449229263519,0.9774896011744556,0.7885979936383656,0.9772449229263519
cahousing,1,objective,restricted,8,0.802544653780279,0.8,0.5927396100286122,0.47037572890308754,0.9559579153413261,0.7761194029850746,0.951309028627355,0.9689258624908246,0.7834597504281869,0.9672131147540983,0.9747981404453144,0.7873746023978468,0.9743087839491069
cahousing,2,output,full,1,0.8045020797651089,1.0,0.7312005375989248,0.7312005375989248,0.9368730119892341,0.7695130902862736,0.923660386591632,0.9535111328602888,0.779544898458527,0.9491069243944213,0.9535111328602888,0.779544898458527,0.9491069243944213
cahousing,2,output,full,2,0.8045020797651089,2.0,1.3898636489826228,1.3163776846354862,0.8747247369708833,0.7340347443112307,0.0,0.9126498654269636,0.7575238561291902,0.0,0.9175434303890384,0.7607046733545387,0.8558845118668951
cahousing,2,output,full,4,0.8045020797651089,4.0,2.6545867436915938,2.3910843298017346,0.744311230731588,0.6510888182040616,0.0,0.8343528260337656,0.7098115977489601,0.0,0.8507462686567164,0.7213114754098361,0.0
cahousing,2,output,full,8,0.8045020797651089,8.0,4.301495929740954,3.3418690113045764,0.5277709811597749,0.4922926351847321,0.0,0.7254710056275997,0.6386102275507707,0.0,0.7908000978712992,0.6843650599461708,0.0
cahousing,2,output,restricted,1,0.8045020797651089,0.1,0.1,0.1,0.9938830437974064,0.8010765842916565,0.9938830437974064,0.9938830437974064,0.8010765842916565,0.9938830437974064,0.9938830437974064,0.8010765842916565,0.9938830437974064
cahousing,2,output,restricted,2,0.8045020797651089,0.2,0.17320420432651473,0.16084875782025526,0.9889894788353315,0.7971617323219966,0.9889894788353315,0.9899681918277465,0.7978957670663078,0.9899681918277465,0.9911915830682653,0.798629801810619,0.9911915830682653
cahousing,2,output,restricted,4,0.8045020797651089,0.4,0.31954450932093115,0.2934134323601615,0.9743087839491069,0.790066063126988,0.9743087839491069,0.9804257401517005,0.7932468803523367,0.9804257401517005,0.9821384878884267,0.7939809150966479,0.981893809640323
cahousing,2,output,restricted,8,0.8045020797651089,0.8,0.5668490664391174,0.4442316450589102,0.9483728896501101,0.7763640812331783,0.9434793246880352,0.9650110105211647,0.7854171764130169,0.9625642280401272,0.972351357964277,0.7888426718864693,0.9718620014680694
cahousing,2,objective,full,1,0.8045020797651089,1.0,0.8999982000036,0.8999982000036,0.943724002936139,0.7731832640078297,0.9361389772449229,0.9505749938830438,0.7778321507218008,0.9432346464399315,0.9505749938830438,0.7778321507218008,0.9432346464399315
cahousing,2,objective,full,2,0.8045020797651089,2.0,1.799326545676864,1.7989961432435297,0.8876926841203817,0.7428431612429655,0.0,0.8987032052850502,0.749938830437974,0.0,0.8987032052850502,0.749938830437974,0.0
cahousing,2,objective,full,4,0.8045020797651089,4.0,3.228197245321937,3.227646243116736,0.7817470026914607,0.6762906777587473,0.0,0.8235869831172009,0.7039393197944702,0.0,0.8235869831172009,0.7039393197944702,0.0
cahousing,2,objective,full,8,0.8045020797651089,8.0,5.045303412282254,4.208240734530819,0.5872277954489846,0.536334719843406,0.0,0.7306092488377783,0.6410570100318081,0.0,0.7724492292635184,0.6701737215561536,0.0
cahousing,2,objective,restricted,1,0.8045020797651089,0.1,0.1,0.1,0.9946170785417177,0.8015659407878639,0.9946170785417177,0.9946170785417177,0.8015659407878639,0.9946170785417177,0.9946170785417177,0.8015659407878639,0.9946170785417177
cahousing,2,objective,restricted,2,0.8045020797651089,0.2,0.19996635771243615,0.19995908346873242,0.9899681918277465,0.7978957670663078,0.9897235135796427,0.9899681918277465,0.7978957670663078,0.9897235135796427,0.9899681918277465,0.7978957670663078,0.9897235135796427
cahousing,2,objective,restricted,4,0.8045020797651089,0.4,0.3998762317811595,0.39981658064097886,0.9755321751896256,0.792023489111818,0.975287496941522,0.9755321751896256,0.792023489111818,0.975287496941522,0.9755321751896256,0.792023489111818,0.975287496941522
cahousing,2,objective,restricted,8,0.8045020797651089,0.8,0.6695995373964274,0.5572888121616274,0.9569366283337412,0.7812576461952533,0.9517983851235625,0.962808906288231,0.7856618546611206,0.9608514803034011,0.9669684365059946,0.7871299241497431,0.9664790800097871
cahousing,3,output,full,1,0.8067041839980426,1.0,0.8997573315341924,0.8997573315341924,0.9571813065818449,0.7859065329092244,0.9471494984095914,0.9613408367996085,0.7883533153902618,0.9547345241008074,0.9613408367996085,0.7883533153902618,0.9547345241008074
cahousing,3,output,full,2,0.8067041839980426,2.0,1.7987888963534613,1.7982175707757986,0.9094690482016149,0.7589919256178126,0.0,0.9172987521409347,0.7638854905798874,0.0,0.9172987521409347,0.7638854905798874,0.0
cahousing,3,output,full,4,0.8067041839980426,4.0,3.2467791106373274,3.2259703168450358,0.8211402006361634,0.7066307805236115,0.0,0.8527036946415464,0.725226327379496,0.0,0.8534377293858576,0.7254710056275997,0.0
cahousing,3,output,full,8,0.8067041839980426,8.0,5.422246088785403,4.338382888971628,0.6559823831661366,0.5901639344262295,0.0,0.7602153168583313,0.6630780523611451,0.0,0.806214827501835,0.6958649376070467,0.0
cahousing,3,output,restricted,1,0.8067041839980426,0.1,0.09999999999999998,0.09999999999999998,0.9963298262784438,0.8049914362613164,0.9963298262784438,0.9963298262784438,0.8049914362613164,0.9963298262784438,0.9963298262784438,0.8049914362613164,0.9963298262784438
cahousing,3,output,restricted,2,0.8067041839980426,0.2,0.19997323678320617,0.19993820231905132,0.9921702960606802,0.8032786885245902,0.9921702960606802,0.9921702960606802,0.8032786885245902,0.9921702960606802,0.9921702960606802,0.8032786885245902,0.9921702960606802
cahousing,3,output,restricted,4,0.8067041839980426,0.4,0.39981453431786423,0.3996404406876775,0.9814044531441155,0.798629801810619,0.9806704183998043,0.9814044531441155,0.798629801810619,0.9806704183998043,0.9814044531441155,0.798629801810619,0.9806704183998043
cahousing,3,output,restricted,8,0.8067041839980426,0.8,0.7121100241354088,0.577358806516312,0.9642769757768535,0.7903107413750917,0.9625642280401272,0.9674577930022021,0.792023489111818,0.9650110105211647,0.9743087839491069,0.7944702715928554,0.973330070956692
cahousing,3,objective,full,1,0.8067041839980426,1.0,0.8999982000036,0.8999982000036,0.9469048201614877,0.7807682896990458,0.9368730119892341,0.9525324198678737,0.7837044286762906,0.9459261071690727,0.9525324198678737,0.7837044286762906,0.9459261071690727
cahousing,3,objective,full,2,0.8067041839980426,2.0,1.7993205530100962,1.79898755856345,0.8906288230976266,0.7482260827012479,0.0,0.9031074137509175,0.7555664301443602,0.0,0.9031074137509175,0.7555664301443602,0.0
cahousing,3,objective,full,4,0.8067041839980426,4.0,3.228176517709216,3.2276198125018194,0.7854171764130169,0.6824076339613409,0.0,0.8260337655982383,0.7090775630046489,0.0,0.8260337655982383,0.7090775630046489,0.0
cahousing,3,objective,full,8,0.8067041839980426,8.0,4.959497830522014,4.173747105791957,0.592610716907267,0.5373134328358209,0.0,0.7333007095669195,0.6437484707609493,0.0,0.7773427942255934,0.6762906777587473,0.0
cahousing,3,objective,restricted,1,0.8067041839980426,0.1,0.1,0.1,0.9948617567898214,0.8042574015170051,0.9948617567898214,0.9948617567898214,0.8042574015170051,0.9948617567898214,0.9948617567898214,0.8042574015170051,0.9948617567898214
cahousing,3,objective,restricted,2,0.8067041839980426,0.2,0.19996553479372253,0.19995811005577063,0.9907022265720578,0.802544653780279,0.9907022265720578,0.9907022265720578,0.802544653780279,0.9907022265720578,0.9907022265720578,0.802544653780279,0.9907022265720578
cahousing,3,objective,restricted,4,0.8067041839980426,0.4,0.3998742913475771,0.3998140093539801,0.9782236359187668,0.7971617323219966,0.9777342794225593,0.9782236359187668,0.7971617323219966,0.9777342794225593,0.9782236359187668,0.7971617323219966,0.9777342794225593
cahousing,3,objective,restricted,8,0.8067041839980426,0.8,0.6579345312161337,0.5514316677780979,0.9569366283337412,0.7859065329092244,0.9525324198678737,0.9659897235135796,0.7903107413750917,0.9635429410325422,0.9699045754832395,0.792023489111818,0.9696598972351358
cahousing,4,output,full,1,0.802544653780279,1.0,0.7339869482395319,0.7339869482395318,0.9368730119892341,0.772938585759726,0.9261071690726694,0.9559579153413261,0.7807682896990458,0.9510643503792513,0.9559579153413261,0.7807682896990458,0.9510643503792513
cahousing,4,output,full,2,0.802544653780279,2.0,1.4676807409755233,1.4673142074614813,0.8786395889405432,0.7369708832884757,0.0,0.9099584046978224,0.7565451431367751,0.0,0.9102030829459261,0.7567898213848789,0.0
cahousing,4,output,full,4,0.802544653780279,4.0,2.8751516106508808,2.612123702053949,0.7440665524834842,0.6540249571813066,0.0,0.8201614876437485,0.7046733545387815,0.0,0.8365549302666992,0.7134817714705163,0.0
cahousing,4,output,full,8,0.802544653780279,8.0,4.47198990086293,3.3141117632636083,0.5206753119647664,0.48935649620748717,0.0,0.7176413016882799,0.6359187668216295,0.0,0.7876192806459505,0.684120381698067,0.0
cahousing,4,output,restricted,1,0.802544653780279,0.1,0.1,0.1,0.9958404697822364,0.8000978712992415,0.9958404697822364,0.9958404697822364,0.8000978712992415,0.9958404697822364,0.9958404697822364,0.8000978712992415,0.9958404697822364
cahousing,4,output,restricted,2,0.802544653780279,0.2,0.18156092230045404,0.16874341067566526,0.9902128700758502,0.7961830193295816,0.9902128700758502,0.9911915830682653,0.7969170540738928,0.9911915830682653,0.9916809395644727,0.7974064105701003,0.991436261316369
cahousing,4,output,restricted,4,0.802544653780279,0.4,0.34465264972895715,0.3260702461186546,0.9772449229263519,0.790066063126988,0.9765108881820406,0.9806704183998043,0.7917788108637143,0.9801810619035968,0.981893809640323,0.7925128456080255,0.981893809640323
cahousing,4,output,restricted,8,0.802544653780279,0.8,0.5762648628662683,0.42939675617294254,0.9503303156349401,0.7793002202104233,0.9439686811842427,0.9664790800097871,0.7841937851724982,0.9650110105211647,0.975287496941522,0.7885979936383656,0.9735747492047957
cahousing,4,objective,full,1,0.802544653780279,1.0,0.8999982000036,0.8999982000036,0.9410325422069978,0.7731832640078297,0.9300220210423293,0.9469048201614877,0.7758747247369708,0.9385857597259604,0.9469048201614877,0.7758747247369708,0.9385857597259604
cahousing,4,objective,full,2,0.802544653780279,2.0,1.7994607812762076,1.7991975744981283,0.8791289454367507,0.7374602397846831,0.0,0.894054318571079,0.7474920479569366,0.0,0.894054318571079,0.7474920479569366,0.0
cahousing,4,objective,full,4,0.802544653780279,4.0,3.203362816064129,3.20284970288617,0.7597259603621238,0.6667482260827012,0.0,0.8064595057499389,0.6961096158551505,0.0,0.8064595057499389,0.6961096158551505,0.0
cahousing,4,objective,full,8,0.802544653780279,8.0,4.6129748555739205,3.648653042774176,0.5426963542941032,0.5008563738683631,0.0,0.7186200146806949,0.6359187668216295,0.0,0.7788108637142158,0.6794714949840959,0.0
cahousing,4,objective,restricted,1,0.802544653780279,0.1,0.1,0.1,0.9958404697822364,0.8003425495473453,0.9958404697822364,0.9958404697822364,0.8003425495473453,0.9958404697822364,0.9958404697822364,0.8003425495473453,0.9958404697822364
cahousing,4,objective,restricted,2,0.802544653780279,0.2,0.19996834496464996,0.19995650865166323,0.9911915830682653,0.7961830193295816,0.9907022265720578,0.9911915830682653,0.7961830193295816,0.9907022265720578,0.9911915830682653,0.7961830193295816,0.9907022265720578
cahousing,4,objective,restricted,4,0.802544653780279,0.4,0.3998683776454971,0.39980435214748644,0.9784683141668705,0.7908000978712992,0.9779789576706631,0.9784683141668705,0.7908000978712992,0.9779789576706631,0.9784683141668705,0.7908000978712992,0.9779789576706631
cahousing,4,objective,restricted,8,0.802544653780279,0.8,0.5913229216548768,0.4689792501325488,0.9535111328602888,0.7788108637142158,0.9481282114020063,0.9659897235135796,0.7846831416687057,0.9645216540249572,0.9735747492047957,0.7881086371421581,0.972351357964277
