dataset,seed,mechanism,threat,k,candidate_optimum,candidate_U3,U3_over_optimum,candidate_search_gap,full_design_L
wine_red,0,output,full,2,1.0998537662576493,1.1721051719852604,1.0656918291723936,2.220446049250313e-16,1.099853766257649
wine_red,0,output,full,4,1.845013261635229,1.967086936455399,1.0661641178188477,0.0,1.9373751757944508
wine_red,0,output,full,8,2.5770858179711964,3.0435277138788597,1.1809958724133092,-4.440892098500626e-16,3.20103242815316
wine_red,0,output,restricted,2,0.1850067472003579,0.18500674720035792,1.0000000000000002,0.0,0.1850067472003579
wine_red,0,output,restricted,4,0.32735294522547986,0.34008203426643274,1.0388849076405442,0.0,0.3510459390535994
wine_red,0,output,restricted,8,0.48300571354763266,0.5307980072007089,1.0989476776621259,0.0020949281875197734,0.5692837870707803
wine_red,0,objective,full,2,0.9883295073863986,0.9952629944244268,1.00701535974208,-1.1102230246251565e-16,0.9883295073863987
wine_red,0,objective,full,4,1.5642943305609533,1.7310185009644958,1.1065810743837161,0.0,1.6147702766598486
wine_red,0,objective,full,8,2.3604539073834423,2.737974517886874,1.159935599387286,-4.440892098500626e-16,2.7110714932505324
wine_red,0,objective,restricted,2,0.17795568459920474,0.17795568459920474,1.0,-2.7755575615628914e-17,0.17795568459920477
wine_red,0,objective,restricted,4,0.30337638258143346,0.30767291206655045,1.0141623729855231,0.0,0.30337638258143346
wine_red,0,objective,restricted,8,0.4719825958672355,0.5004987031906043,1.0604177094093319,0.0,0.5276625855510758
wine_red,1,output,full,2,1.078585645947388,1.172505561049064,1.0870769191622056,0.0,1.078585645947388
wine_red,1,output,full,4,1.7588596437560877,1.9690363935674269,1.119496032874176,2.220446049250313e-16,1.7994029832921195
wine_red,1,output,full,8,2.752464818093187,3.091314103313076,1.1231075808825894,0.0,3.1479245306433534
wine_red,1,output,restricted,2,0.1931132903887479,0.1931132903887479,1.0,0.0,0.1931132903887479
wine_red,1,output,restricted,4,0.31797556465615684,0.3255137054226592,1.023706666814646,0.0,0.31797556465615684
wine_red,1,output,restricted,8,0.5250387255225698,0.546859236256695,1.0415598120165466,0.0,0.5610062154707206
wine_red,1,objective,full,2,0.8155870672581672,0.949100662516879,1.163702442839802,0.0,0.9081239005854611
wine_red,1,objective,full,4,1.44898452726968,1.619058735074104,1.1173747577035171,0.0,1.4686132209792606
wine_red,1,objective,full,8,2.331718115439162,2.6396783690007717,1.1320743924930254,-4.440892098500626e-16,2.5239672885442226
wine_red,1,objective,restricted,2,0.16171708094007062,0.16277639066901212,1.0065503886341731,0.0,0.16171708094007062
wine_red,1,objective,restricted,4,0.272458466095278,0.28331873525350637,1.0398602741690197,0.0,0.27395203593661555
wine_red,1,objective,restricted,8,0.41902850237054806,0.4558946963759448,1.0879801583826292,1.1102230246251565e-16,0.4882316695302577
wine_red,2,output,full,2,1.075742220388784,1.173088701760223,1.090492387048132,0.0,1.075742220388784
wine_red,2,output,full,4,1.753198649467527,1.9575700821401407,1.1165706080909226,-2.220446049250313e-16,1.753198649467527
wine_red,2,output,full,8,2.688984947848107,3.0946758596324577,1.1508713955833072,0.0,3.1677710732621174
wine_red,2,output,restricted,2,0.19108821256238223,0.1910882125623822,0.9999999999999999,2.7755575615628914e-17,0.1910882125623822
wine_red,2,output,restricted,4,0.31854082983978305,0.33270791115363324,1.0444749306422534,0.0,0.3260707560379021
wine_red,2,output,restricted,8,0.48708382826767616,0.5319739514202649,1.0921609804050392,0.0,0.5757616018095825
wine_red,2,objective,full,2,0.8762128065689174,0.9761889589064799,1.1141003094089095,0.0,0.9108055982248351
wine_red,2,objective,full,4,1.5204954285787586,1.6753088457314158,1.1018177458760037,0.0,1.5381184428369197
wine_red,2,objective,full,8,2.3044400498007955,2.6752845520906496,1.1609260793405805,0.0,2.6770318337046044
wine_red,2,objective,restricted,2,0.16225655035602318,0.16371283506291237,1.0089751982505102,0.0,0.16225655035602318
wine_red,2,objective,restricted,4,0.28288542365649394,0.2928156107479114,1.0351032123290864,-5.551115123125783e-17,0.282885423656494
wine_red,2,objective,restricted,8,0.45711660189073633,0.4844635773653109,1.0598249447984638,0.0,0.5018611164490516
wine_red,3,output,full,2,1.0882509234603122,1.1727184633779755,1.0776177057117322,0.0,1.0882509234603122
wine_red,3,output,full,4,1.7845819557467557,1.957525619355155,1.0969099026533815,-4.440892098500626e-16,1.7845819557467562
wine_red,3,output,full,8,2.6966451218455636,3.0459101743439083,1.1295183595605307,-4.440892098500626e-16,3.2230847203426904
wine_red,3,output,restricted,2,0.17962977950547326,0.1828432926913948,1.0178896461086153,0.0,0.17962977950547326
wine_red,3,output,restricted,4,0.32197176736522487,0.33098720115691976,1.0280006966619168,0.0,0.32197176736522487
wine_red,3,output,restricted,8,0.4646918462326107,0.5184599140524824,1.1157069319287283,-5.551115123125783e-17,0.5858605919432338
wine_red,3,objective,full,2,0.9865516476206541,1.0083957102678907,1.0221418338309198,0.0,0.9865516476206541
wine_red,3,objective,full,4,1.6373628655387298,1.7564087272006084,1.0727058516883548,0.0,1.6373628655387296
wine_red,3,objective,full,8,2.864322322976116,2.9437018132228197,1.0277131835373283,0.0,2.864322322976116
wine_red,3,objective,restricted,2,0.1776027504237687,0.1776027504237687,1.0,0.0,0.1776027504237687
wine_red,3,objective,restricted,4,0.302718123497648,0.3141611738473858,1.0378010084679543,0.0,0.302718123497648
wine_red,3,objective,restricted,8,0.5023524854235414,0.525509377427763,1.0460968994404352,-1.1102230246251565e-16,0.5265736519784661
wine_red,4,output,full,2,1.3377593823726859,1.3377593823726859,1.0,0.0,1.3377593823726859
wine_red,4,output,full,4,1.9383365144778821,2.117021246849283,1.0921845773614456,0.0,1.9384134770541137
wine_red,4,output,full,8,2.8145574105559894,3.2068179052584873,1.1393684467871665,0.0,3.3398750214033526
wine_red,4,output,restricted,2,0.19663512384457785,0.19663512384457785,1.0,0.0,0.19663512384457785
wine_red,4,output,restricted,4,0.326699398215027,0.3320094446519215,1.016253615604763,0.0,0.33262595669836315
wine_red,4,output,restricted,8,0.5007944526165944,0.5481493713049439,1.0945595911474766,0.0,0.5909747776726177
wine_red,4,objective,full,2,0.9869137031060298,1.0058738443117992,1.0192115492429559,0.0,0.9869137031060298
wine_red,4,objective,full,4,1.6273281719043706,1.7560100368369678,1.0790755467485136,0.0,1.6273281719043706
wine_red,4,objective,full,8,2.841592933221335,2.920705964455922,1.0278410852974995,-4.440892098500626e-16,2.8415929332213357
wine_red,4,objective,restricted,2,0.17767341107037346,0.17767341107037343,0.9999999999999999,0.0,0.17767341107037346
wine_red,4,objective,restricted,4,0.29934032911495784,0.31021208419924245,1.0363190456709541,-5.551115123125783e-17,0.2993403291149579
wine_red,4,objective,restricted,8,0.47753888205932427,0.5018654264174106,1.0509414945505198,0.0,0.5190517166171089
cahousing,0,output,full,2,1.456501088225361,1.4565010882253608,0.9999999999999999,0.0,1.456501088225361
cahousing,0,output,full,4,2.5928752202983847,2.5928752202983842,0.9999999999999998,4.440892098500626e-16,2.5928752202983842
cahousing,0,output,full,8,3.0617199439044245,3.1387408393762755,1.0251560877163803,0.0,3.0617199439044245
cahousing,0,output,restricted,2,0.1618903138173551,0.16824687088577212,1.0392645916764884,0.0,0.1618903138173551
cahousing,0,output,restricted,4,0.3236674566262759,0.32366745662627583,0.9999999999999998,0.0,0.3236674566262759
cahousing,0,output,restricted,8,0.3940683277867236,0.41084540139613507,1.0425740218800112,0.0,0.39406832778672357
cahousing,0,objective,full,2,1.7991952682274641,1.7991952682274641,1.0,0.0,1.7991952682274641
cahousing,0,objective,full,4,3.2028471770250606,3.202847177025061,1.0000000000000002,0.0,3.2028471770250606
cahousing,0,objective,full,8,3.4736542902866354,3.6836518773609046,1.0604543715422357,0.0,3.4736542902866354
cahousing,0,objective,restricted,2,0.19995676707041926,0.19995676707041926,1.0,0.0,0.19995676707041926
cahousing,0,objective,restricted,4,0.3998039897638456,0.3998039897638456,1.0,0.0,0.3998039897638456
cahousing,0,objective,restricted,8,0.4449667408280112,0.4710509377791097,1.0586205542071752,0.0,0.4449667408280112
cahousing,1,output,full,2,1.3981827412686572,1.3981827412686572,1.0,0.0,1.3981827412686572
cahousing,1,output,full,4,2.3481079064897603,2.3481079064897603,1.0,0.0,2.3481079064897603
cahousing,1,output,full,8,2.742653443147674,2.9078132840456354,1.0602189975224912,0.0,2.8491672405995123
cahousing,1,output,restricted,2,0.16176253105469005,0.16810642800599934,1.0392173447704307,0.0,0.16176253105469005
cahousing,1,output,restricted,4,0.32338649247150647,0.32338649247150647,1.0,0.0,0.32338649247150647
cahousing,1,output,restricted,8,0.38608715488833356,0.40713947670241263,1.0545273820885543,0.0,0.38992472215922225
cahousing,1,objective,full,2,1.7288366983103873,1.7288366983103873,1.0,0.0,1.7288366983103873
cahousing,1,objective,full,4,2.9035393793055504,2.903539379305551,1.0000000000000002,0.0,2.9035393793055504
cahousing,1,objective,full,8,3.189891132516788,3.417795205592943,1.0714457213768112,-4.440892098500626e-16,3.1928208534843505
cahousing,1,objective,restricted,2,0.19999337435489112,0.19999337435489115,1.0000000000000002,-2.7755575615628914e-17,0.19999337435489115
cahousing,1,objective,restricted,4,0.3998870981154353,0.3998870981154354,1.0000000000000002,0.0,0.3998870981154353
cahousing,1,objective,restricted,8,0.44394928009043455,0.47037457212484907,1.0595232230786173,0.0,0.44394928009043455
cahousing,2,output,full,2,1.3163776846354862,1.3163776846354862,1.0,-2.220446049250313e-16,1.3163776846354864
cahousing,2,output,full,4,2.3615563456699737,2.365072160985106,1.0014887704549498,4.440892098500626e-16,2.3615563456699733
cahousing,2,output,full,8,3.1049733302782796,3.174467802960948,1.0223816649260689,0.0,3.1049733302782796
cahousing,2,output,restricted,2,0.15186126570137257,0.16084875782025526,1.0591822547861292,2.7755575615628914e-17,0.15186126570137254
cahousing,2,output,restricted,4,0.2925352283727961,0.2925549213156136,1.000067318192503,0.0,0.2925352283727961
cahousing,2,output,restricted,8,0.4067913298855829,0.42234294880103324,1.0382299665035253,-1.1102230246251565e-16,0.41226527865461915
cahousing,2,objective,full,2,1.79899614324353,1.7989961432435297,0.9999999999999999,0.0,1.79899614324353
cahousing,2,objective,full,4,3.227646243116736,3.227646243116736,1.0,4.440892098500626e-16,3.2276462431167356
cahousing,2,objective,full,8,4.010791947429651,4.176603669159888,1.0413413919005443,-8.881784197001252e-16,4.010791947429652
cahousing,2,objective,restricted,2,0.19995908346873242,0.19995908346873242,1.0,0.0,0.19995908346873242
cahousing,2,objective,restricted,4,0.3998124999490496,0.39981658064097886,1.0000102065141279,0.0,0.3998124999490496
cahousing,2,objective,restricted,8,0.5292552827974212,0.5524040912802739,1.043738455212951,1.1102230246251565e-16,0.5292552827974211
cahousing,3,output,full,2,1.7982175707757984,1.7982175707757986,1.0000000000000002,-2.220446049250313e-16,1.7982175707757986
cahousing,3,output,full,4,3.2259703168450358,3.2259703168450358,1.0,-4.440892098500626e-16,3.225970316845036
cahousing,3,output,full,8,4.044175118350814,4.156367320878221,1.0277416776583994,-8.881784197001252e-16,4.044175118350814
cahousing,3,output,restricted,2,0.19993820231905132,0.19993820231905132,1.0,-2.7755575615628914e-17,0.19993820231905135
cahousing,3,output,restricted,4,0.3996132053307962,0.3996404406876775,1.0000681542964998,0.0,0.3996132053307962
cahousing,3,output,restricted,8,0.5328967611080313,0.5534427619471922,1.0385553119077706,0.0,0.5349413820728797
cahousing,3,objective,full,2,1.79898755856345,1.79898755856345,1.0,0.0,1.79898755856345
cahousing,3,objective,full,4,3.2276198125018203,3.2276198125018194,0.9999999999999998,4.440892098500626e-16,3.22761981250182
cahousing,3,objective,full,8,3.961379530981842,4.142404547937512,1.0456974686570368,0.0,3.9619375038763995
cahousing,3,objective,restricted,2,0.19995811005577063,0.19995811005577063,1.0,2.7755575615628914e-17,0.1999581100557706
cahousing,3,objective,restricted,4,0.39980977144252816,0.39981400935398004,1.0000105998196007,0.0,0.39980977144252816
cahousing,3,objective,restricted,8,0.5263721714575418,0.5470303782342394,1.0392463885761558,0.0,0.5263721714575418
cahousing,4,output,full,2,1.4673142074614813,1.4673142074614813,1.0,0.0,1.4673142074614813
cahousing,4,output,full,4,2.612123702053949,2.612123702053949,1.0,0.0,2.612123702053949
cahousing,4,output,full,8,3.078874025469327,3.203654095625818,1.0405278257974424,0.0,3.078874025469327
cahousing,4,output,restricted,2,0.16309164421215336,0.16874341067566526,1.0346539302538391,0.0,0.16309164421215336
cahousing,4,output,restricted,4,0.32607024611865454,0.3260702461186546,1.0000000000000002,-1.1102230246251565e-16,0.32607024611865465
cahousing,4,output,restricted,8,0.3961682074669087,0.41340756696947834,1.0435152523035551,0.0,0.3961682074669087
cahousing,4,objective,full,2,1.7991975744981286,1.7991975744981283,0.9999999999999999,0.0,1.7991975744981286
cahousing,4,objective,full,4,3.20284970288617,3.20284970288617,1.0,0.0,3.20284970288617
cahousing,4,objective,full,8,3.471220699282325,3.648463487571429,1.0510606508902613,-4.440892098500626e-16,3.471220699282325
cahousing,4,objective,restricted,2,0.19995650865166326,0.19995650865166323,0.9999999999999999,2.7755575615628914e-17,0.19995650865166323
cahousing,4,objective,restricted,4,0.39980435214748644,0.39980435214748644,1.0,0.0,0.39980435214748644
cahousing,4,objective,restricted,8,0.4440260050399837,0.46897827719249546,1.0561955197877766,0.0,0.4440260050399837
