seed,mechanism,threat,k,n,d,seconds
0,output,full,1,16346,13,2.225330809999832
0,output,full,2,16346,13,2.172834727999998
0,output,full,4,16346,13,2.2213328450000063
0,output,full,8,16346,13,2.250450242999932
0,output,restricted,1,16346,13,2.2085927020000327
0,output,restricted,2,16346,13,2.1861378989999594
0,output,restricted,4,16346,13,2.1968034500000613
0,output,restricted,8,16346,13,2.200888119999945
0,objective,full,1,16346,13,2.161268444999905
0,objective,full,2,16346,13,2.190602293999973
0,objective,full,4,16346,13,2.1640157869999257
0,objective,full,8,16346,13,2.1999020999999175
0,objective,restricted,1,16346,13,2.186826013999962
0,objective,restricted,2,16346,13,2.2148155669999596
0,objective,restricted,4,16346,13,2.2369925509999575
0,objective,restricted,8,16346,13,2.2299279679998563
1,output,full,1,16346,13,2.181831685999896
1,output,full,2,16346,13,2.2081757549999566
1,output,full,4,16346,13,2.2432631599999695
1,output,full,8,16346,13,2.1863938679998682
1,output,restricted,1,16346,13,2.1911791069999254
1,output,restricted,2,16346,13,2.2067950709999877
1,output,restricted,4,16346,13,2.1946702899999764
1,output,restricted,8,16346,13,2.20988701400006
1,objective,full,1,16346,13,2.2955431990001216
1,objective,full,2,16346,13,2.4420538920001036
1,objective,full,4,16346,13,2.241633926000077
1,objective,full,8,16346,13,2.1307067699999607
1,objective,restricted,1,16346,13,2.112409611999965
1,objective,restricted,2,16346,13,2.129711625000027
1,objective,restricted,4,16346,13,2.14162880899994
1,objective,restricted,8,16346,13,2.142307637000158
2,output,full,1,16346,13,2.1618224829999235
2,output,full,2,16346,13,2.142376198999955
2,output,full,4,16346,13,2.1236974739999823
2,output,full,8,16346,13,2.1604578629999196
2,output,restricted,1,16346,13,2.1461638630000834
2,output,restricted,2,16346,13,2.149735390999922
2,output,restricted,4,16346,13,2.127069505999998
2,output,restricted,8,16346,13,2.154547796000088
2,objective,full,1,16346,13,2.1485080790000666
2,objective,full,2,16346,13,2.1943648419999136
2,objective,full,4,16346,13,2.1479569240000274
2,objective,full,8,16346,13,2.1426978130000407
2,objective,restricted,1,16346,13,2.134086043000025
2,objective,restricted,2,16346,13,2.1844093809997958
2,objective,restricted,4,16346,13,2.16353621799999
2,objective,restricted,8,16346,13,2.166562413000065
3,output,full,1,16346,13,2.1481433559999914
3,output,full,2,16346,13,2.093316757999901
3,output,full,4,16346,13,2.1005151539998224
3,output,full,8,16346,13,2.1471368729999085
3,output,restricted,1,16346,13,2.1235354739999366
3,output,restricted,2,16346,13,2.120902878999914
3,output,restricted,4,16346,13,2.1413380369999686
3,output,restricted,8,16346,13,2.4814061570000376
3,objective,full,1,16346,13,2.2696662079999896
3,objective,full,2,16346,13,2.1642252849999295
3,objective,full,4,16346,13,2.0498528190000798
3,objective,full,8,16346,13,2.0276027589998193
3,objective,restricted,1,16346,13,2.0429917869998917
3,objective,restricted,2,16346,13,2.0668694109999706
3,objective,restricted,4,16346,13,2.056212379000044
3,objective,restricted,8,16346,13,2.085041403999867
4,output,full,1,16346,13,2.156629875000135
4,output,full,2,16346,13,2.1422857509999176
4,output,full,4,16346,13,2.1259799479998946
4,output,full,8,16346,13,2.1293873420002
4,output,restricted,1,16346,13,2.2133938519998537
4,output,restricted,2,16346,13,2.2149815610000587
4,output,restricted,4,16346,13,2.20813437899983
4,output,restricted,8,16346,13,2.2401722330000666
4,objective,full,1,16346,13,2.1815498959999786
4,objective,full,2,16346,13,2.342977196999982
4,objective,full,4,16346,13,2.3912989919999745
4,objective,full,8,16346,13,2.1508515049999914
4,objective,restricted,1,16346,13,1.9671637100000225
4,objective,restricted,2,16346,13,1.9987465239998983
4,objective,restricted,4,16346,13,2.0224218209998526
4,objective,restricted,8,16346,13,2.0246721739999884
