dataset,seed,mechanism,mu,clean_mse,constant_mse,private_mse
wine_red,0,output,0.25,0.004224339620168811,0.006849680512195254,0.018932716208295335
wine_red,0,output,0.5,0.004224339620168811,0.006849680512195254,0.007901433767200441
wine_red,0,output,1.0,0.004224339620168811,0.006849680512195254,0.005143613156926719
wine_red,0,output,2.0,0.004224339620168811,0.006849680512195254,0.004454158004358288
wine_red,0,objective,0.25,0.004224339620168811,0.006849680512195254,0.0326464231632805
wine_red,0,objective,0.5,0.004224339620168811,0.006849680512195254,0.011329860505946733
wine_red,0,objective,1.0,0.004224339620168811,0.006849680512195254,0.006000719841613292
wine_red,0,objective,2.0,0.004224339620168811,0.006849680512195254,0.004668434675529931
wine_red,1,output,0.25,0.005001276823621498,0.007411118176369217,0.022688483082369475
wine_red,1,output,0.5,0.005001276823621498,0.007411118176369217,0.009423078388308491
wine_red,1,output,1.0,0.005001276823621498,0.007411118176369217,0.006106727214793247
wine_red,1,output,2.0,0.005001276823621498,0.007411118176369217,0.005277639421414435
wine_red,1,objective,0.25,0.005001276823621498,0.007411118176369217,0.042730820925040255
wine_red,1,objective,0.5,0.005001276823621498,0.007411118176369217,0.014433662848976188
wine_red,1,objective,1.0,0.005001276823621498,0.007411118176369217,0.007359373329960171
wine_red,1,objective,2.0,0.005001276823621498,0.007411118176369217,0.005590800950206166
wine_red,2,output,0.25,0.004222996881182151,0.006614195389405203,0.019027887003811014
wine_red,2,output,0.5,0.004222996881182151,0.006614195389405203,0.007924219411839366
wine_red,2,output,1.0,0.004222996881182151,0.006614195389405203,0.005148302513846455
wine_red,2,output,2.0,0.004222996881182151,0.006614195389405203,0.004454323289348227
wine_red,2,objective,0.25,0.004222996881182151,0.006614195389405203,0.0360265867474131
wine_red,2,objective,0.5,0.004222996881182151,0.006614195389405203,0.01217389434773989
wine_red,2,objective,1.0,0.004222996881182151,0.006614195389405203,0.006210721247821586
wine_red,2,objective,2.0,0.004222996881182151,0.006614195389405203,0.00471992797284201
wine_red,3,output,0.25,0.004757247634591738,0.007310311542350387,0.022037849734966586
wine_red,3,output,0.5,0.004757247634591738,0.007310311542350387,0.00907739815968545
wine_red,3,output,1.0,0.004757247634591738,0.007310311542350387,0.005837285265865166
wine_red,3,output,2.0,0.004757247634591738,0.007310311542350387,0.005027257042410095
wine_red,3,objective,0.25,0.004757247634591738,0.007310311542350387,0.03550088355691094
wine_red,3,objective,0.5,0.004757247634591738,0.007310311542350387,0.012443156615171539
wine_red,3,objective,1.0,0.004757247634591738,0.007310311542350387,0.006678724879736688
wine_red,3,objective,2.0,0.004757247634591738,0.007310311542350387,0.005237616945877975
wine_red,4,output,0.25,0.004254095145321908,0.006247811542350387,0.01895091183075779
wine_red,4,output,0.5,0.004254095145321908,0.006247811542350387,0.00792829931668088
wine_red,4,output,1.0,0.004254095145321908,0.006247811542350387,0.005172646188161651
wine_red,4,output,2.0,0.004254095145321908,0.006247811542350387,0.004483732906031844
wine_red,4,objective,0.25,0.004254095145321908,0.006247811542350387,0.03294403504444516
wine_red,4,objective,0.5,0.004254095145321908,0.006247811542350387,0.011426580120102722
wine_red,4,objective,1.0,0.004254095145321908,0.006247811542350387,0.006047216389017111
wine_red,4,objective,2.0,0.004254095145321908,0.006247811542350387,0.00470237545624571
cahousing,0,output,0.25,0.020007581293770615,0.053031964321123504,0.023920272835467125
cahousing,0,output,0.5,0.020007581293770615,0.053031964321123504,0.02098575417919474
cahousing,0,output,1.0,0.020007581293770615,0.053031964321123504,0.020252124515126646
cahousing,0,output,2.0,0.020007581293770615,0.053031964321123504,0.020068717099109623
cahousing,0,objective,0.25,0.020007581293770615,0.053031964321123504,0.023512731901459874
cahousing,0,objective,0.5,0.020007581293770615,0.053031964321123504,0.02088386894569293
cahousing,0,objective,1.0,0.020007581293770615,0.053031964321123504,0.020226653206751193
cahousing,0,objective,2.0,0.020007581293770615,0.053031964321123504,0.02006234927201576
cahousing,1,output,0.25,0.02036404027015401,0.05326229513487402,0.024204860337171213
cahousing,1,output,0.5,0.02036404027015401,0.05326229513487402,0.02132424528690831
cahousing,1,output,1.0,0.02036404027015401,0.05326229513487402,0.020604091524342585
cahousing,1,output,2.0,0.02036404027015401,0.05326229513487402,0.020424053083701155
cahousing,1,objective,0.25,0.02036404027015401,0.05326229513487402,0.023811427659920534
cahousing,1,objective,0.5,0.02036404027015401,0.05326229513487402,0.02122588711759564
cahousing,1,objective,1.0,0.02036404027015401,0.05326229513487402,0.020579501982014418
cahousing,1,objective,2.0,0.02036404027015401,0.05326229513487402,0.02041790569811911
cahousing,2,output,0.25,0.01862757557206781,0.05334660722588201,0.022171016215256686
cahousing,2,output,0.5,0.01862757557206781,0.05334660722588201,0.019513435732865028
cahousing,2,output,1.0,0.01862757557206781,0.05334660722588201,0.018849040612267116
cahousing,2,output,2.0,0.01862757557206781,0.05334660722588201,0.018682941832117637
cahousing,2,objective,0.25,0.01862757557206781,0.05334660722588201,0.02122300365094259
cahousing,2,objective,0.5,0.01862757557206781,0.05334660722588201,0.019276432591786505
cahousing,2,objective,1.0,0.01862757557206781,0.05334660722588201,0.018789789826997486
cahousing,2,objective,2.0,0.01862757557206781,0.05334660722588201,0.018668129135800227
cahousing,3,output,0.25,0.019486152844973806,0.052912908474462714,0.021474124164205695
cahousing,3,output,0.5,0.019486152844973806,0.052912908474462714,0.01998314567478178
cahousing,3,output,1.0,0.019486152844973806,0.052912908474462714,0.0196104010524258
cahousing,3,output,2.0,0.019486152844973806,0.052912908474462714,0.019517214896836804
cahousing,3,objective,0.25,0.019486152844973806,0.052912908474462714,0.022531666228488175
cahousing,3,objective,0.5,0.019486152844973806,0.052912908474462714,0.0202475311908524
cahousing,3,objective,1.0,0.019486152844973806,0.052912908474462714,0.019676497431443455
cahousing,3,objective,2.0,0.019486152844973806,0.052912908474462714,0.019533738991591217
cahousing,4,output,0.25,0.019374523013326404,0.05361225329574052,0.023305001899603474
cahousing,4,output,0.5,0.019374523013326404,0.05361225329574052,0.02035714273489567
cahousing,4,output,1.0,0.019374523013326404,0.05361225329574052,0.01962017794371872
cahousing,4,output,2.0,0.019374523013326404,0.05361225329574052,0.019435936745924483
cahousing,4,objective,0.25,0.019374523013326404,0.05361225329574052,0.023007333855424524
cahousing,4,objective,0.5,0.019374523013326404,0.05361225329574052,0.020282725723850936
cahousing,4,objective,1.0,0.019374523013326404,0.05361225329574052,0.019601573690957535
cahousing,4,objective,2.0,0.019374523013326404,0.05361225329574052,0.019431285682734188
