mechanism,k,kappa,hessian_condition_number,beta,sigma,r_over_sigma,step_h_theory,step_h_min,step_h_max,step_h_max_abs_error,endpoint_distance,endpoint_h,endpoint_tv,decomposition_h2,decomposition_abs_error,mean_offdiag_cosine,mean_offdiag_exact_gram,gram_max_abs_cosine_error,gram_normalized_fro_error,chi,chi_cosine,b_plus,lambda_max,spectral_factor,cert_exact_chi_h,cert_cosine_chi_h,cert_b_plus_h,cert_spectral_h,group_gaussian_h,triangle_h
objective,2,1,1,0.12,1.0,0.2,0.07062238177318633,0.07062238177318633,0.07062238177318633,0.0,0.048,0.01696934094126956,0.019147391292061222,0.00028795853198116035,1.1302807648161384e-16,-0.9712000000000001,-0.9711320971775528,6.790282244728552e-05,4.8014546214181705e-05,1.0,1.0,2.0,1.9711320971775528,3.9422641943551056,0.07062238177318633,0.07062238177318633,0.09987513011073058,0.14022169838255977,0.14071718691490656,0.14124476354637266
output,2,1,1,0.12,1.0,0.2,0.07062238177318633,0.07062238177318633,0.07062238177318633,0.0,0.048,0.01696934094126956,0.019147391292061222,0.00028795853198116035,1.1302807648161384e-16,-0.9712000000000001,-0.9711320971775528,6.790282244728552e-05,4.8014546214181705e-05,1.0,1.0,2.0,1.9711320971775528,3.9422641943551056,0.07062238177318633,0.07062238177318633,0.09987513011073058,0.14022169838255977,0.14071718691490656,0.14124476354637266
objective,4,1,1,0.12,1.0,0.2,0.07062238177318633,0.07062238177318633,0.07062238177318633,0.0,0.096,0.03393135279841637,0.0382837573915229,0.0011513367027310467,4.482091781055075e-16,-0.3141333333333334,-0.31409637594824985,0.0006104955048580329,0.00026505691999807946,3.999407540338301,4.0,7.998815080676602,3.9416966868557624,15.76678674742305,0.1412343029309116,0.14124476354637266,0.19973546667720535,0.2804232104646709,0.27727901762189694,0.28248952709274533
output,4,1,1,0.12,1.0,0.2,0.07062238177318633,0.07062238177318633,0.07062238177318633,0.0,0.096,0.03393135279841637,0.0382837573915229,0.0011513367027310467,4.482091781055075e-16,-0.3141333333333334,-0.31409637594824985,0.0006104955048580329,0.00026505691999807946,3.999407540338301,4.0,7.998815080676602,3.9416966868557624,15.76678674742305,0.1412343029309116,0.14124476354637266,0.19973546667720535,0.2804232104646709,0.27727901762189694,0.28248952709274533
objective,6,1,1,0.12,1.0,0.2,0.07062238177318633,0.07062238177318633,0.07062238177318633,0.0,0.144,0.050878715279541485,0.05739809214726321,0.002588643668497433,7.849623728795052e-16,-0.18272000000000002,-0.18269919552883948,0.001694772415187562,0.0006311367759972488,8.99644629402541,9.0,17.99289258805082,5.911127023804721,35.46676214282833,0.21182531265967194,0.211867145319559,0.2995662300172293,0.42058437221982387,0.40586917669210604,0.423734290639118
output,6,1,1,0.12,1.0,0.2,0.07062238177318633,0.07062238177318633,0.07062238177318633,0.0,0.144,0.050878715279541485,0.05739809214726321,0.002588643668497433,7.849623728795052e-16,-0.18272000000000002,-0.18269919552883948,0.001694772415187562,0.0006311367759972488,8.99644629402541,9.0,17.99289258805082,5.911127023804721,35.46676214282833,0.21182531265967194,0.211867145319559,0.2995662300172293,0.42058437221982387,0.40586917669210604,0.423734290639118
objective,8,1,1,0.12,1.0,0.2,0.07062238177318633,0.07062238177318633,0.07062238177318633,0.0,0.19199999999999998,0.06780412566123853,0.07647942743631586,0.004597399456686032,1.0070069778045365e-15,-0.12639999999999998,-0.12639677666700253,0.0033189191766509474,0.0011435644629328027,15.988159219620297,16.0,31.976318439240593,7.878857885202617,63.030863081620936,0.2823849797325705,0.28248952709274533,0.39935266814825277,0.5606850641160118,0.5233077134213762,0.5649790541854907
output,8,1,1,0.12,1.0,0.2,0.07062238177318633,0.07062238177318633,0.07062238177318633,0.0,0.19199999999999998,0.06780412566123853,0.07647942743631586,0.004597399456686032,1.0070069778045365e-15,-0.12639999999999998,-0.12639677666700253,0.0033189191766509474,0.0011435644629328027,15.988159219620297,16.0,31.976318439240593,7.878857885202617,63.030863081620936,0.2823849797325705,0.28248952709274533,0.39935266814825277,0.5606850641160118,0.5233077134213762,0.5649790541854907
objective,10,1,1,0.12,1.0,0.2,0.07062238177318633,0.07062238177318633,0.07062238177318633,0.0,0.23999999999999996,0.08470030753301082,0.09551685204116778,0.007174142096187842,1.2325210296815214e-15,-0.09511111111111113,-0.09512868356099677,0.005480220544118342,0.0018016851524833648,24.970413805669107,25.0,49.940827611338214,9.844326326522694,98.44326326522693,0.35290290225939963,0.3531119088659317,0.4990800705760697,0.7007052332297595,0.6272713450233213,0.7062238177318634
output,10,1,1,0.12,1.0,0.2,0.07062238177318633,0.07062238177318633,0.07062238177318633,0.0,0.23999999999999996,0.08470030753301082,0.09551685204116778,0.007174142096187842,1.2325210296815214e-15,-0.09511111111111113,-0.09512868356099677,0.005480220544118342,0.0018016851524833648,24.970413805669107,25.0,49.940827611338214,9.844326326522694,98.44326326522693,0.35290290225939963,0.3531119088659317,0.4990800705760697,0.7007052332297595,0.6272713450233213,0.7062238177318634
objective,12,1,1,0.12,1.0,0.2,0.07062238177318633,0.07062238177318633,0.07062238177318633,0.0,0.288,0.10156001949399142,0.1144995303635401,0.010314437559621371,1.4536982728685643e-15,-0.0752,-0.07524205281526808,0.008175067960901505,0.002604850897639062,35.937909391218845,36.0,71.87581878243768,11.806972431066082,141.68366917279297,0.4233687173849781,0.423734290639118,0.598733782010338,0.8406249152008402,0.7164131099024001,0.847468581278236
output,12,1,1,0.12,1.0,0.2,0.07062238177318633,0.07062238177318633,0.07062238177318633,0.0,0.288,0.10156001949399142,0.1144995303635401,0.010314437559621371,1.4536982728685643e-15,-0.0752,-0.07524205281526808,0.008175067960901505,0.002604850897639062,35.937909391218845,36.0,71.87581878243768,11.806972431066082,141.68366917279297,0.4233687173849781,0.423734290639118,0.598733782010338,0.8406249152008402,0.7164131099024001,0.847468581278236
objective,14,1,1,0.12,1.0,0.2,0.07062238177318633,0.07062238177318633,0.07062238177318633,0.0,0.336,0.11837606378623462,0.13341672092116919,0.014012892477524371,1.6826817716975029e-15,-0.06141538461538457,-0.061485764942602175,0.011398969588394592,0.003552308141934264,48.88418654081302,49.0,97.76837308162602,13.766240051066738,192.72736071493432,0.49377211091869483,0.4943566724123043,0.6982992159828104,0.9804242559755216,0.7903726343621725,0.9887133448246086
output,14,1,1,0.12,1.0,0.2,0.07062238177318633,0.07062238177318633,0.07062238177318633,0.0,0.336,0.11837606378623462,0.13341672092116919,0.014012892477524371,1.6826817716975029e-15,-0.06141538461538457,-0.061485764942602175,0.011398969588394592,0.003552308141934264,48.88418654081302,49.0,97.76837308162602,13.766240051066738,192.72736071493432,0.49377211091869483,0.4943566724123043,0.6982992159828104,0.9804242559755216,0.7903726343621725,0.9887133448246086
objective,16,1,1,0.12,1.0,0.2,0.07062238177318633,0.07062238177318633,0.07062238177318633,0.0,0.38400000000000006,0.13514129484899734,0.1522577945749779,0.018263169573465538,1.904726376622534e-15,-0.0513066666666666,-0.05140927871195554,0.015146562769913774,0.004643179980823447,63.801638446360144,64.0,127.60327689272026,15.721577538331665,251.54524061330665,0.5641028268783812,0.5649790541854907,0.7977618683444087,1.0,0.8496838821272332,1.0
output,16,1,1,0.12,1.0,0.2,0.07062238177318633,0.07062238177318633,0.07062238177318633,0.0,0.38400000000000006,0.13514129484899734,0.1522577945749779,0.018263169573465538,1.904726376622534e-15,-0.0513066666666666,-0.05140927871195554,0.015146562769913774,0.004643179980823447,63.801638446360144,64.0,127.60327689272026,15.721577538331665,251.54524061330665,0.5641028268783812,0.5649790541854907,0.7977618683444087,1.0,0.8496838821272332,1.0
objective,2,2,2,0.12,1.0,0.2,0.07062238177318633,0.07062238177318633,0.07062238177318633,0.0,0.048,0.01696934094126956,0.019147391292061222,0.00028795853198116035,1.1302807648161384e-16,-0.9712000000000001,-0.9711320971775528,6.790282244728552e-05,4.8014546214181705e-05,1.0,1.0,2.0,1.9711320971775528,3.9422641943551056,0.07062238177318633,0.07062238177318633,0.09987513011073058,0.14022169838255977,0.14071718691490656,0.14124476354637266
output,2,2,2,0.12,1.0,0.2,0.07062238177318633,0.07062238177318633,0.07062238177318633,0.0,0.09399125399855487,0.03322175446540497,0.037483287171362845,0.0011036849697597677,1.1254018550399536e-16,-0.889570552147239,-0.8893553518473103,0.00021520029992871947,0.00015216959139297643,1.0,0.9999999999999998,2.0,1.8893553518473103,3.7787107036946206,0.07062238177318633,0.07062238177318632,0.09987513011073058,0.13728218478561213,0.14071718691490656,0.14124476354637266
objective,4,2,2,0.12,1.0,0.2,0.07062238177318633,0.07062238177318633,0.07062238177318633,0.0,0.096,0.03393135279841637,0.0382837573915229,0.0011513367027310467,4.482091781055075e-16,-0.3141333333333334,-0.31409637594824985,0.0006104955048580329,0.00026505691999807946,3.999407540338301,4.0,7.998815080676602,3.9416966868557624,15.76678674742305,0.1412343029309116,0.14124476354637266,0.19973546667720535,0.2804232104646709,0.27727901762189694,0.28248952709274533
output,4,2,2,0.12,1.0,0.2,0.07062238177318633,0.07062238177318633,0.07062238177318633,0.0,0.18798250799710975,0.06638852711248482,0.07488389572235365,0.004407436532165466,3.3480163086352377e-16,-0.25971370143149275,-0.259692261572475,0.0019334237436328117,0.0009273116657054627,3.997549614510687,3.999999999999999,7.995099229021374,3.776626594678863,15.106506378715451,0.1412014939037715,0.14124476354637264,0.1996890677060556,0.27448864255141886,0.27727901762189694,0.28248952709274533
objective,6,2,2,0.12,1.0,0.2,0.07062238177318633,0.07062238177318633,0.07062238177318633,0.0,0.144,0.050878715279541485,0.05739809214726321,0.002588643668497433,7.849623728795052e-16,-0.18272000000000002,-0.18269919552883948,0.001694772415187562,0.0006311367759972488,8.99644629402541,9.0,17.99289258805082,5.911127023804721,35.46676214282833,0.21182531265967194,0.211867145319559,0.2995662300172293,0.42058437221982387,0.40586917669210604,0.423734290639118
output,6,2,2,0.12,1.0,0.2,0.07062238177318633,0.07062238177318633,0.07062238177318633,0.0,0.28197376199566465,0.09944558881128089,0.11211969373450748,0.009889425134022913,5.568462357885551e-16,-0.13374233128834348,-0.13390553800121052,0.005360118113567625,0.0022857260842954266,8.985315508462884,8.999999999999998,17.97063101692577,5.65974033707762,33.95844202246572,0.21169423246459237,0.21186714531955897,0.2993808546275893,0.4115439662674438,0.40586917669210604,0.423734290639118
objective,8,2,2,0.12,1.0,0.2,0.07062238177318633,0.07062238177318633,0.07062238177318633,0.0,0.19199999999999998,0.06780412566123853,0.07647942743631586,0.004597399456686032,1.0070069778045365e-15,-0.12639999999999998,-0.12639677666700253,0.0033189191766509474,0.0011435644629328027,15.988159219620297,16.0,31.976318439240593,7.878857885202617,63.030863081620936,0.2823849797325705,0.28248952709274533,0.39935266814825277,0.5606850641160118,0.5233077134213762,0.5649790541854907
output,8,2,2,0.12,1.0,0.2,0.07062238177318633,0.07062238177318633,0.07062238177318633,0.0,0.37596501599421955,0.1323387140529072,0.14910963667260635,0.017513535237177913,7.73686670285656e-16,-0.07975460122699378,-0.08015230156504494,0.010973377551939167,0.00418520096092322,15.951134647311203,15.999999999999996,31.902269294622403,7.5366445082193225,60.29315606575458,0.2820578237769529,0.2824895270927453,0.3988899997588072,0.5483733859486647,0.5233077134213762,0.5649790541854907
objective,10,2,2,0.12,1.0,0.2,0.07062238177318633,0.07062238177318633,0.07062238177318633,0.0,0.23999999999999996,0.08470030753301082,0.09551685204116778,0.007174142096187842,1.2325210296815214e-15,-0.09511111111111113,-0.09512868356099677,0.005480220544118342,0.0018016851524833648,24.970413805669107,25.0,49.940827611338214,9.844326326522694,98.44326326522693,0.35290290225939963,0.3531119088659317,0.4990800705760697,0.7007052332297595,0.6272713450233213,0.7062238177318634
output,10,2,2,0.12,1.0,0.2,0.07062238177318633,0.07062238177318633,0.07062238177318633,0.0,0.46995626999277446,0.1650144283862453,0.18577429611763918,0.027229761575640277,9.957312752106873e-16,-0.04976141785957731,-0.050449127315053945,0.019425724510485853,0.006616738349192688,24.87810233713855,24.999999999999993,49.75620467427709,9.40531873360993,94.0531873360993,0.3522499865905706,0.3531119088659316,0.4981567083821258,0.6849030798830905,0.6272713450233213,0.7062238177318634
objective,12,2,2,0.12,1.0,0.2,0.07062238177318633,0.07062238177318633,0.07062238177318633,0.0,0.288,0.10156001949399142,0.1144995303635401,0.010314437559621371,1.4536982728685643e-15,-0.0752,-0.07524205281526808,0.008175067960901505,0.002604850897639062,35.937909391218845,36.0,71.87581878243768,11.806972431066082,141.68366917279297,0.4233687173849781,0.423734290639118,0.598733782010338,0.8406249152008402,0.7164131099024001,0.847468581278236
output,12,2,2,0.12,1.0,0.2,0.07062238177318633,0.07062238177318633,0.07062238177318633,0.0,0.5639475239913293,0.19742025064867838,0.2220363708072406,0.03897475536618822,1.2212453270876722e-15,-0.030674846625766795,-0.03170867658791379,0.030188012438504774,0.009571207827022346,35.744694002088885,35.99999999999999,71.48938800417777,11.263784374773287,135.16541249727945,0.4222290907630854,0.42373429063911794,0.5971221065856159,0.8210604772243385,0.7164131099024001,0.847468581278236
objective,14,2,2,0.12,1.0,0.2,0.07062238177318633,0.07062238177318633,0.07062238177318633,0.0,0.336,0.11837606378623462,0.13341672092116919,0.014012892477524371,1.6826817716975029e-15,-0.06141538461538457,-0.061485764942602175,0.011398969588394592,0.003552308141934264,48.88418654081302,49.0,97.76837308162602,13.766240051066738,192.72736071493432,0.49377211091869483,0.4943566724123043,0.6982992159828104,0.9804242559755216,0.7903726343621725,0.9887133448246086
output,14,2,2,0.12,1.0,0.2,0.07062238177318633,0.07062238177318633,0.07062238177318633,0.0,0.6579387779898841,0.22950492832618138,0.25782117451042863,0.0526725121260071,1.4432899320127035e-15,-0.017461066540821055,-0.018896370175080553,0.04318320853200419,0.013037996725945328,48.52491924997521,48.999999999999986,97.04983849995043,13.110114129770839,183.54159781679175,0.4919543113264297,0.49435667241230424,0.6957284591457528,0.9567745492641317,0.7903726343621725,0.9887133448246086
objective,16,2,2,0.12,1.0,0.2,0.07062238177318633,0.07062238177318633,0.07062238177318633,0.0,0.38400000000000006,0.13514129484899734,0.1522577945749779,0.018263169573465538,1.904726376622534e-15,-0.0513066666666666,-0.05140927871195554,0.015146562769913774,0.004643179980823447,63.801638446360144,64.0,127.60327689272026,15.721577538331665,251.54524061330665,0.5641028268783812,0.5649790541854907,0.7977618683444087,1.0,0.8496838821272332,1.0
output,16,2,2,0.12,1.0,0.2,0.07062238177318633,0.07062238177318633,0.07062238177318633,0.0,0.7519300319884389,0.26121866443767655,0.2930570956163916,0.06823519065060513,1.6653345369377348e-15,-0.0077709611451942055,-0.009661732680150225,0.058319046736173163,0.017004867621725563,63.18850640438924,63.999999999999986,126.37701280877843,14.942441098791845,239.0790575806695,0.5613857768729253,0.5649790541854905,0.793919379377047,1.0,0.8496838821272332,1.0
objective,2,4,4,0.12,1.0,0.2,0.07062238177318633,0.07062238177318633,0.07062238177318633,0.0,0.048,0.01696934094126956,0.019147391292061222,0.00028795853198116035,1.1302807648161384e-16,-0.9712000000000001,-0.9711320971775528,6.790282244728552e-05,4.8014546214181705e-05,1.0,1.0,2.0,1.9711320971775528,3.9422641943551056,0.07062238177318633,0.07062238177318633,0.09987513011073058,0.14022169838255977,0.14071718691490656,0.14124476354637266
output,2,4,4,0.12,1.0,0.2,0.07062238177318633,0.07062238177318633,0.07062238177318633,0.0,0.1741143000264028,0.061500428370596494,0.06937391464794507,0.003782302689766871,1.3010426069826053e-18,-0.6210526315789474,-0.620823367371472,0.000229264207475377,0.00016211427578919865,1.0,0.9999999999999999,2.0,1.620823367371472,3.241646734742944,0.07062238177318633,0.07062238177318632,0.09987513011073058,0.12715258762409773,0.14071718691490656,0.14124476354637266
objective,4,4,4,0.12,1.0,0.2,0.07062238177318633,0.07062238177318633,0.07062238177318633,0.0,0.096,0.03393135279841637,0.0382837573915229,0.0011513367027310467,4.482091781055075e-16,-0.3141333333333334,-0.31409637594824985,0.0006104955048580329,0.00026505691999807946,3.999407540338301,4.0,7.998815080676602,3.9416966868557624,15.76678674742305,0.1412343029309116,0.14124476354637266,0.19973546667720535,0.2804232104646709,0.27727901762189694,0.28248952709274533
output,4,4,4,0.12,1.0,0.2,0.07062238177318633,0.07062238177318633,0.07062238177318633,0.0,0.3482286000528056,0.12265232206631296,0.13822436494050372,0.015043592108258567,5.204170427930421e-18,-0.08070175438596498,-0.08197945951111563,0.005209310580442161,0.002708645503334539,3.9895813788391155,3.9999999999999996,7.979162757678231,3.235520017989243,12.942080071956973,0.1410606966502266,0.14124476354637264,0.1994899503205475,0.2540647430259793,0.27727901762189694,0.28248952709274533
objective,6,4,4,0.12,1.0,0.2,0.07062238177318633,0.07062238177318633,0.07062238177318633,0.0,0.144,0.050878715279541485,0.05739809214726321,0.002588643668497433,7.849623728795052e-16,-0.18272000000000002,-0.18269919552883948,0.001694772415187562,0.0006311367759972488,8.99644629402541,9.0,17.99289258805082,5.911127023804721,35.46676214282833,0.21182531265967194,0.211867145319559,0.2995662300172293,0.42058437221982387,0.40586917669210604,0.423734290639118
output,6,4,4,0.12,1.0,0.2,0.07062238177318633,0.07062238177318633,0.07062238177318633,0.0,0.5223429000792084,0.18311262757282365,0.20603970619652245,0.03353023437662362,6.938893903907228e-18,0.027368421052631504,0.02409419878127371,0.020687120087164224,0.007493208036444335,8.937788517503902,8.999999999999998,17.875577035007804,4.8380710264309545,29.028426158585727,0.2111336216770218,0.21186714531955897,0.2985880312485943,0.38049951310038643,0.40586917669210604,0.423734290639118
objective,8,4,4,0.12,1.0,0.2,0.07062238177318633,0.07062238177318633,0.07062238177318633,0.0,0.19199999999999998,0.06780412566123853,0.07647942743631586,0.004597399456686032,1.0070069778045365e-15,-0.12639999999999998,-0.12639677666700253,0.0033189191766509474,0.0011435644629328027,15.988159219620297,16.0,31.976318439240593,7.878857885202617,63.030863081620936,0.2823849797325705,0.28248952709274533,0.39935266814825277,0.5606850641160118,0.5233077134213762,0.5649790541854907
output,8,4,4,0.12,1.0,0.2,0.07062238177318633,0.07062238177318633,0.07062238177318633,0.0,0.6964572001056111,0.2425491234305435,0.27233148939240426,0.05883007727692502,6.938893903907228e-18,0.0736842105263157,0.06777598225974045,0.04598991934107777,0.014092112982716542,15.794015817486533,15.999999999999996,31.588031634973067,6.422669116020948,51.38135292816759,0.28066524993454156,0.2824895270927453,0.39692060294426307,0.5062267938754024,0.5233077134213762,0.5649790541854907
objective,10,4,4,0.12,1.0,0.2,0.07062238177318633,0.07062238177318633,0.07062238177318633,0.0,0.23999999999999996,0.08470030753301082,0.09551685204116778,0.007174142096187842,1.2325210296815214e-15,-0.09511111111111113,-0.09512868356099677,0.005480220544118342,0.0018016851524833648,24.970413805669107,25.0,49.940827611338214,9.844326326522694,98.44326326522693,0.35290290225939963,0.3531119088659317,0.4990800705760697,0.7007052332297595,0.6272713450233213,0.7062238177318634
output,10,4,4,0.12,1.0,0.2,0.07062238177318633,0.07062238177318633,0.07062238177318633,0.0,0.8705715001320138,0.3006455144752013,0.33664497302272767,0.09038772537405848,1.3877787807814457e-17,0.09941520467836248,0.09025307332261436,0.08040096111949901,0.02241147337573742,24.489441195230185,24.999999999999996,48.978882390460356,7.983814876527269,79.83814876527269,0.3494876214128239,0.3531119088659317,0.4942501340835292,0.6310264877043767,0.6272713450233213,0.7062238177318634
objective,12,4,4,0.12,1.0,0.2,0.07062238177318633,0.07062238177318633,0.07062238177318633,0.0,0.288,0.10156001949399142,0.1144995303635401,0.010314437559621371,1.4536982728685643e-15,-0.0752,-0.07524205281526808,0.008175067960901505,0.002604850897639062,35.937909391218845,36.0,71.87581878243768,11.806972431066082,141.68366917279297,0.4233687173849781,0.423734290639118,0.598733782010338,0.8406249152008402,0.7164131099024001,0.847468581278236
output,12,4,4,0.12,1.0,0.2,0.07062238177318633,0.07062238177318633,0.07062238177318633,0.0,1.0446858001584165,0.35710615065889045,0.39856839536085387,0.12752480283841017,0.0,0.11578947368421044,0.10279375836677003,0.12296246222121987,0.03233501171258096,34.93894164853145,35.99999999999999,69.87788329706285,9.516402074256298,114.19682489107558,0.41744304816071487,0.42373429063911794,0.5903536202272479,0.7546913543123793,0.7164131099024001,0.847468581278236
objective,14,4,4,0.12,1.0,0.2,0.07062238177318633,0.07062238177318633,0.07062238177318633,0.0,0.336,0.11837606378623462,0.13341672092116919,0.014012892477524371,1.6826817716975029e-15,-0.06141538461538457,-0.061485764942602175,0.011398969588394592,0.003552308141934264,48.88418654081302,49.0,97.76837308162602,13.766240051066738,192.72736071493432,0.49377211091869483,0.4943566724123043,0.6982992159828104,0.9804242559755216,0.7903726343621725,0.9887133448246086
output,14,4,4,0.12,1.0,0.2,0.07062238177318633,0.07062238177318633,0.07062238177318633,0.0,1.2188001001848192,0.4116602627816443,0.45774069529281847,0.16946417195345242,2.7755575615628914e-17,0.1271255060728744,0.10976723674016196,0.17251790132349187,0.04372800065626283,47.04340629918575,48.99999999999999,94.08681259837145,11.015789399619521,154.2210515946733,0.48438617627290786,0.49435667241230424,0.6850254999111908,0.8770294771299576,0.7903726343621725,0.9887133448246086
objective,16,4,4,0.12,1.0,0.2,0.07062238177318633,0.07062238177318633,0.07062238177318633,0.0,0.38400000000000006,0.13514129484899734,0.1522577945749779,0.018263169573465538,1.904726376622534e-15,-0.0513066666666666,-0.05140927871195554,0.015146562769913774,0.004643179980823447,63.801638446360144,64.0,127.60327689272026,15.721577538331665,251.54524061330665,0.5641028268783812,0.5649790541854907,0.7977618683444087,1.0,0.8496838821272332,1.0
output,16,4,4,0.12,1.0,0.2,0.07062238177318633,0.07062238177318633,0.07062238177318633,0.0,1.392914400211222,0.46406562164802806,0.513857448053598,0.21535690119557072,0.0,0.13543859649122802,0.11324645175715317,0.22776188524153695,0.0564412279106297,60.692347179357014,63.99999999999999,121.38469435871396,12.477856737509459,199.64570780015134,0.5501857362763884,0.5649790541854905,0.7780801300662953,0.9978662845015461,0.8496838821272332,1.0
objective,2,8,8,0.12,1.0,0.2,0.07062238177318633,0.07062238177318633,0.07062238177318633,0.0,0.048,0.01696934094126956,0.019147391292061222,0.00028795853198116035,1.1302807648161384e-16,-0.9712000000000001,-0.9711320971775528,6.790282244728552e-05,4.8014546214181705e-05,1.0,1.0,2.0,1.9711320971775528,3.9422641943551056,0.07062238177318633,0.07062238177318633,0.09987513011073058,0.14022169838255977,0.14071718691490656,0.14124476354637266
output,2,8,8,0.12,1.0,0.2,0.07062238177318633,0.07062238177318633,0.07062238177318633,0.0,0.2780565342544763,0.09807078572756844,0.1105721879795829,0.009617879013222643,0.0,-0.03355704697986585,-0.03580562520046945,0.002248578220603599,0.0015899849078171854,1.928388749599061,1.9328859060402688,2.0,1.0358056252004695,2.071611250400939,0.09807078572756844,0.09818507358324344,0.09987513011073058,0.10164745061263505,0.14071718691490656,0.14124476354637266
objective,4,8,8,0.12,1.0,0.2,0.07062238177318633,0.07062238177318633,0.07062238177318633,0.0,0.096,0.03393135279841637,0.0382837573915229,0.0011513367027310467,4.482091781055075e-16,-0.3141333333333334,-0.31409637594824985,0.0006104955048580329,0.00026505691999807946,3.999407540338301,4.0,7.998815080676602,3.9416966868557624,15.76678674742305,0.1412343029309116,0.14124476354637266,0.19973546667720535,0.2804232104646709,0.27727901762189694,0.28248952709274533
output,4,8,8,0.12,1.0,0.2,0.07062238177318633,0.07062238177318633,0.07062238177318633,0.0,0.5561130685089526,0.1947306978093156,0.21903103890685593,0.037920044669302995,6.938893903907228e-18,0.31096196868008946,0.3002487296839406,0.019843435201241322,0.01182797656572087,7.602984756207287,7.731543624161075,7.924619471772319,2.061601598115908,8.246406392463632,0.1947306978093156,0.19637014716648687,0.19880695286015349,0.20280316434417364,0.27727901762189694,0.28248952709274533
objective,6,8,8,0.12,1.0,0.2,0.07062238177318633,0.07062238177318633,0.07062238177318633,0.0,0.144,0.050878715279541485,0.05739809214726321,0.002588643668497433,7.849623728795052e-16,-0.18272000000000002,-0.18269919552883948,0.001694772415187562,0.0006311367759972488,8.99644629402541,9.0,17.99289258805082,5.911127023804721,35.46676214282833,0.21182531265967194,0.211867145319559,0.2995662300172293,0.42058437221982387,0.40586917669210604,0.423734290639118
output,6,8,8,0.12,1.0,0.2,0.07062238177318633,0.07062238177318633,0.07062238177318633,0.0,0.8341696027634289,0.28862509869244535,0.32338361857365694,0.08330444759522383,1.3877787807814457e-17,0.37986577181208064,0.3567525484338143,0.07377514462919343,0.030111889420032806,16.70257645301443,17.395973154362416,17.554138365027864,3.0678250385611108,18.406950231366665,0.28862509869244535,0.2945552207497303,0.29589124750507584,0.3029934772865618,0.40586917669210604,0.423734290639118
objective,8,8,8,0.12,1.0,0.2,0.07062238177318633,0.07062238177318633,0.07062238177318633,0.0,0.19199999999999998,0.06780412566123853,0.07647942743631586,0.004597399456686032,1.0070069778045365e-15,-0.12639999999999998,-0.12639677666700253,0.0033189191766509474,0.0011435644629328027,15.988159219620297,16.0,31.976318439240593,7.878857885202617,63.030863081620936,0.2823849797325705,0.28248952709274533,0.39935266814825277,0.5606850641160118,0.5233077134213762,0.5649790541854907
output,8,8,8,0.12,1.0,0.2,0.07062238177318633,0.07062238177318633,0.07062238177318633,0.0,1.1122261370179052,0.3785084381568433,0.42186643820640213,0.14326863775593293,5.551115123125783e-17,0.4093959731543624,0.37009681366616853,0.16017576340564288,0.054552410246676265,28.72542156530544,30.9261744966443,30.542954204660838,4.045765541489626,32.36612433191701,0.3785084381568434,0.39274029433297375,0.39029939740242614,0.4017794401878562,0.5233077134213762,0.5649790541854907
objective,10,8,8,0.12,1.0,0.2,0.07062238177318633,0.07062238177318633,0.07062238177318633,0.0,0.23999999999999996,0.08470030753301082,0.09551685204116778,0.007174142096187842,1.2325210296815214e-15,-0.09511111111111113,-0.09512868356099677,0.005480220544118342,0.0018016851524833648,24.970413805669107,25.0,49.940827611338214,9.844326326522694,98.44326326522693,0.35290290225939963,0.3531119088659317,0.4990800705760697,0.7007052332297595,0.6272713450233213,0.7062238177318634
output,10,8,8,0.12,1.0,0.2,0.07062238177318633,0.07062238177318633,0.07062238177318633,0.0,1.3902826712723817,0.4632905898301611,0.5130332676689393,0.21463817062517856,0.0,0.4258016405667412,0.3670560293653576,0.27099630806762554,0.08402184252517335,43.035042642882175,48.32214765100672,46.44778481202333,4.987894712994635,49.87894712994635,0.4632905898301611,0.4909253679162172,0.48130997621468485,0.49877077566524075,0.6272713450233213,0.7062238177318634
objective,12,8,8,0.12,1.0,0.2,0.07062238177318633,0.07062238177318633,0.07062238177318633,0.0,0.288,0.10156001949399142,0.1144995303635401,0.010314437559621371,1.4536982728685643e-15,-0.0752,-0.07524205281526808,0.008175067960901505,0.002604850897639062,35.937909391218845,36.0,71.87581878243768,11.806972431066082,141.68366917279297,0.4233687173849781,0.423734290639118,0.598733782010338,0.8406249152008402,0.7164131099024001,0.847468581278236
output,12,8,8,0.12,1.0,0.2,0.07062238177318633,0.07062238177318633,0.07062238177318633,0.0,1.6683392055268582,0.542074030434976,0.5958145823276331,0.2938442544720194,5.551115123125783e-17,0.43624161073825507,0.35542345042950724,0.3976000290564029,0.11727713943256496,58.915895456694955,69.58389261744968,64.76221530316013,5.88809518661222,70.65714223934664,0.542074030434976,0.5891104414994606,0.5683334376512601,0.5936362245553639,0.7164131099024001,0.847468581278236
objective,14,8,8,0.12,1.0,0.2,0.07062238177318633,0.07062238177318633,0.07062238177318633,0.0,0.336,0.11837606378623462,0.13341672092116919,0.014012892477524371,1.6826817716975029e-15,-0.06141538461538457,-0.061485764942602175,0.011398969588394592,0.003552308141934264,48.88418654081302,49.0,97.76837308162602,13.766240051066738,192.72736071493432,0.49377211091869483,0.4943566724123043,0.6982992159828104,0.9804242559755216,0.7903726343621725,0.9887133448246086
output,14,8,8,0.12,1.0,0.2,0.07062238177318633,0.07062238177318633,0.07062238177318633,0.0,1.9463957397813347,0.6141798961912195,0.6695450306945012,0.37721694488545726,1.1102230246251565e-16,0.44346928239545697,0.33863821221536156,0.5307583737860047,0.15303339952092904,75.6321546231958,94.71140939597318,84.95361229915295,6.741778194926711,94.38489472897396,0.6141798961912195,0.6872955150827041,0.6509284976084736,0.6861097771911187,0.7903726343621725,0.9887133448246086
objective,16,8,8,0.12,1.0,0.2,0.07062238177318633,0.07062238177318633,0.07062238177318633,0.0,0.38400000000000006,0.13514129484899734,0.1522577945749779,0.018263169573465538,1.904726376622534e-15,-0.0513066666666666,-0.05140927871195554,0.015146562769913774,0.004643179980823447,63.801638446360144,64.0,127.60327689272026,15.721577538331665,251.54524061330665,0.5641028268783812,0.5649790541854907,0.7977618683444087,1.0,0.8496838821272332,1.0
output,16,8,8,0.12,1.0,0.2,0.07062238177318633,0.07062238177318633,0.07062238177318633,0.0,2.2244522740358113,0.6791617593456485,0.7339590672839886,0.4612606953574765,5.551115123125783e-17,0.44876957494407155,0.31867900671271027,0.6616399723977529,0.1900509757030238,92.48296161105046,123.70469798657722,106.49844940555475,7.545892409319605,120.73427854911368,0.6791617593456485,0.7854805886659475,0.7288094623132123,0.7759927360614873,0.8496838821272332,1.0
objective,2,16,16,0.12,1.0,0.2,0.07062238177318633,0.07062238177318633,0.07062238177318633,0.0,0.048,0.01696934094126956,0.019147391292061222,0.00028795853198116035,1.1302807648161384e-16,-0.9712000000000001,-0.9711320971775528,6.790282244728552e-05,4.8014546214181705e-05,1.0,1.0,2.0,1.9711320971775528,3.9422641943551056,0.07062238177318633,0.07062238177318633,0.09987513011073058,0.14022169838255977,0.14071718691490656,0.14124476354637266
output,2,16,16,0.12,1.0,0.2,0.07062238177318633,0.07062238177318633,0.07062238177318633,0.0,0.3553119408948506,0.12512776337041964,0.1410068344236295,0.015656957166083733,0.0,0.578082191780822,0.5696132177646129,0.008468974016209052,0.0059884689565540905,3.139226435529226,3.156164383561644,3.139226435529226,1.569613217764613,3.139226435529226,0.12512776337041964,0.12546487769223977,0.12512776337041964,0.12512776337041964,0.14071718691490656,0.14124476354637266
objective,4,16,16,0.12,1.0,0.2,0.07062238177318633,0.07062238177318633,0.07062238177318633,0.0,0.096,0.03393135279841637,0.0382837573915229,0.0011513367027310467,4.482091781055075e-16,-0.3141333333333334,-0.31409637594824985,0.0006104955048580329,0.00026505691999807946,3.999407540338301,4.0,7.998815080676602,3.9416966868557624,15.76678674742305,0.1412343029309116,0.14124476354637266,0.19973546667720535,0.2804232104646709,0.27727901762189694,0.28248952709274533
output,4,16,16,0.12,1.0,0.2,0.07062238177318633,0.07062238177318633,0.07062238177318633,0.0,0.7106238817897012,0.2473303041067764,0.2776440891960239,0.061172279329550494,0.0,0.7187214611872147,0.6887556245011658,0.07416859020749833,0.033417314106412896,12.265067494013989,12.624657534246577,12.265067494013989,3.0666195976074757,12.266478390429903,0.24733030410677642,0.25092975538447954,0.24733030410677642,0.2473445293609338,0.27727901762189694,0.28248952709274533
objective,6,16,16,0.12,1.0,0.2,0.07062238177318633,0.07062238177318633,0.07062238177318633,0.0,0.144,0.050878715279541485,0.05739809214726321,0.002588643668497433,7.849623728795052e-16,-0.18272000000000002,-0.18269919552883948,0.001694772415187562,0.0006311367759972488,8.99644629402541,9.0,17.99289258805082,5.911127023804721,35.46676214282833,0.21182531265967194,0.211867145319559,0.2995662300172293,0.42058437221982387,0.40586917669210604,0.423734290639118
output,6,16,16,0.12,1.0,0.2,0.07062238177318633,0.07062238177318633,0.07062238177318633,0.0,1.0659358226845517,0.363871562002102,0.40594420674583964,0.1324025136338496,2.7755575615628914e-17,0.7468493150684933,0.6848919717092632,0.19513738437430472,0.07785141055129331,26.5467591512779,28.405479452054795,26.5467591512779,4.4279487957642605,26.567692774585563,0.3638715620021021,0.3763946330767193,0.3638715620021021,0.36401500039925433,0.40586917669210604,0.423734290639118
objective,8,16,16,0.12,1.0,0.2,0.07062238177318633,0.07062238177318633,0.07062238177318633,0.0,0.19199999999999998,0.06780412566123853,0.07647942743631586,0.004597399456686032,1.0070069778045365e-15,-0.12639999999999998,-0.12639677666700253,0.0033189191766509474,0.0011435644629328027,15.988159219620297,16.0,31.976318439240593,7.878857885202617,63.030863081620936,0.2823849797325705,0.28248952709274533,0.39935266814825277,0.5606850641160118,0.5233077134213762,0.5649790541854907
output,8,16,16,0.12,1.0,0.2,0.07062238177318633,0.07062238177318633,0.07062238177318633,0.0,1.421247763579402,0.472375344624907,0.5226826600525718,0.22313846620949962,2.7755575615628914e-17,0.7589041095890412,0.6560599187379805,0.35275783331954413,0.13519178345663183,44.73935544932691,50.49863013698631,44.73935544932691,5.607499307909304,44.85999446327443,0.472375344624907,0.5018595107689591,0.472375344624907,0.4730117924552592,0.5233077134213762,0.5649790541854907
objective,10,16,16,0.12,1.0,0.2,0.07062238177318633,0.07062238177318633,0.07062238177318633,0.0,0.23999999999999996,0.08470030753301082,0.09551685204116778,0.007174142096187842,1.2325210296815214e-15,-0.09511111111111113,-0.09512868356099677,0.005480220544118342,0.0018016851524833648,24.970413805669107,25.0,49.940827611338214,9.844326326522694,98.44326326522693,0.35290290225939963,0.3531119088659317,0.4990800705760697,0.7007052332297595,0.6272713450233213,0.7062238177318634
output,10,16,16,0.12,1.0,0.2,0.07062238177318633,0.07062238177318633,0.07062238177318633,0.0,1.7765597044742525,0.5709613699969637,0.6256097654005532,0.32599688602880966,0.0,0.7656012176560122,0.6151390164528405,0.5320121094984964,0.20128668438265906,65.36251148075564,78.90410958904111,65.36251148075566,6.5800080714594165,65.80008071459416,0.5709613699969636,0.6273243884611989,0.5709613699969637,0.5728693321231476,0.6272713450233213,0.7062238177318634
objective,12,16,16,0.12,1.0,0.2,0.07062238177318633,0.07062238177318633,0.07062238177318633,0.0,0.288,0.10156001949399142,0.1144995303635401,0.010314437559621371,1.4536982728685643e-15,-0.0752,-0.07524205281526808,0.008175067960901505,0.002604850897639062,35.937909391218845,36.0,71.87581878243768,11.806972431066082,141.68366917279297,0.4233687173849781,0.423734290639118,0.598733782010338,0.8406249152008402,0.7164131099024001,0.847468581278236
output,12,16,16,0.12,1.0,0.2,0.07062238177318633,0.07062238177318633,0.07062238177318633,0.0,2.131871645369103,0.6583346221189845,0.7135473459449764,0.4334044746805461,5.551115123125783e-17,0.7698630136986303,0.5674074072619101,0.7447907121702035,0.27187784069387005,86.89777775857213,113.6219178082192,87.11446411795475,7.340954042886378,88.09144851463654,0.6583346221189845,0.7527892661534386,0.659154915332222,0.6628408047287855,0.7164131099024001,0.847468581278236
objective,14,16,16,0.12,1.0,0.2,0.07062238177318633,0.07062238177318633,0.07062238177318633,0.0,0.336,0.11837606378623462,0.13341672092116919,0.014012892477524371,1.6826817716975029e-15,-0.06141538461538457,-0.061485764942602175,0.011398969588394592,0.003552308141934264,48.88418654081302,49.0,97.76837308162602,13.766240051066738,192.72736071493432,0.49377211091869483,0.4943566724123043,0.6982992159828104,0.9804242559755216,0.7903726343621725,0.9887133448246086
output,14,16,16,0.12,1.0,0.2,0.07062238177318633,0.07062238177318633,0.07062238177318633,0.0,2.4871835862639533,0.7338215198834437,0.7863501618213546,0.5384940230440475,1.1102230246251565e-16,0.772813487881981,0.5163092087513612,0.940480560094734,0.3430476592548363,107.96827599274773,154.65205479452058,109.10449451477493,7.903175728519797,110.64446019927716,0.7338215198834437,0.8782541438456783,0.737672648648652,0.7428603822107677,0.7903726343621725,0.9887133448246086
objective,16,16,16,0.12,1.0,0.2,0.07062238177318633,0.07062238177318633,0.07062238177318633,0.0,0.38400000000000006,0.13514129484899734,0.1522577945749779,0.018263169573465538,1.904726376622534e-15,-0.0513066666666666,-0.05140927871195554,0.015146562769913774,0.004643179980823447,63.801638446360144,64.0,127.60327689272026,15.721577538331665,251.54524061330665,0.5641028268783812,0.5649790541854907,0.7977618683444087,1.0,0.8496838821272332,1.0
output,16,16,16,0.12,1.0,0.2,0.07062238177318633,0.07062238177318633,0.07062238177318633,0.0,2.8424955271588037,0.7973525203381514,0.8447552564668395,0.635771041689602,2.220446049250313e-16,0.7749771689497718,0.4644681615135653,1.1008198676381749,0.41156679714547406,127.47235876325567,201.99452054794526,131.09452491159507,8.291619009285158,132.66590414856253,0.7973525203381513,1.0,0.8086016761805571,0.8134334375734555,0.8496838821272332,1.0
objective,2,32,32,0.12,1.0,0.2,0.07062238177318633,0.07062238177318633,0.07062238177318633,0.0,0.048,0.01696934094126956,0.019147391292061222,0.00028795853198116035,1.1302807648161384e-16,-0.9712000000000001,-0.9711320971775528,6.790282244728552e-05,4.8014546214181705e-05,1.0,1.0,2.0,1.9711320971775528,3.9422641943551056,0.07062238177318633,0.07062238177318633,0.09987513011073058,0.14022169838255977,0.14071718691490656,0.14124476354637266
output,2,32,32,0.12,1.0,0.2,0.07062238177318633,0.07062238177318633,0.07062238177318633,0.0,0.3872668200485246,0.13628029081490714,0.1535370641473044,0.01857231766459566,3.469446951953614e-18,0.874694873881204,0.8618787151069519,0.012816158774252129,0.009062392778037151,3.7237574302139036,3.749389747762408,3.7237574302139036,1.8618787151069518,3.7237574302139036,0.13628029081490714,0.13674852606777377,0.13628029081490714,0.13628029081490714,0.14071718691490656,0.14124476354637266
objective,4,32,32,0.12,1.0,0.2,0.07062238177318633,0.07062238177318633,0.07062238177318633,0.0,0.096,0.03393135279841637,0.0382837573915229,0.0011513367027310467,4.482091781055075e-16,-0.3141333333333334,-0.31409637594824985,0.0006104955048580329,0.00026505691999807946,3.999407540338301,4.0,7.998815080676602,3.9416966868557624,15.76678674742305,0.1412343029309116,0.14124476354637266,0.19973546667720535,0.2804232104646709,0.27727901762189694,0.28248952709274533
output,4,32,32,0.12,1.0,0.2,0.07062238177318633,0.07062238177318633,0.07062238177318633,0.0,0.7745336400970492,0.26878465441981275,0.30144131345304404,0.07224519045157818,1.3877787807814457e-17,0.9164632492541359,0.8737658989742991,0.11177711511067556,0.048218886582927986,14.485190787691586,14.99755899104963,14.485190787691586,3.6219743127229904,14.487897250891962,0.26878465441981275,0.2734970521355475,0.26878465441981275,0.2688097635747338,0.27727901762189694,0.28248952709274533
objective,6,32,32,0.12,1.0,0.2,0.07062238177318633,0.07062238177318633,0.07062238177318633,0.0,0.144,0.050878715279541485,0.05739809214726321,0.002588643668497433,7.849623728795052e-16,-0.18272000000000002,-0.18269919552883948,0.001694772415187562,0.0006311367759972488,8.99644629402541,9.0,17.99289258805082,5.911127023804721,35.46676214282833,0.21182531265967194,0.211867145319559,0.2995662300172293,0.42058437221982387,0.40586917669210604,0.423734290639118
output,6,32,32,0.12,1.0,0.2,0.07062238177318633,0.07062238177318633,0.07062238177318633,0.0,1.1618004601455738,0.3940263259260469,0.43869230271108806,0.15525674552277935,0.0,0.9248169243287222,0.8376347389200324,0.2916882069272352,0.10967379392756106,31.129042167600975,33.74450772986167,31.129042167600975,5.194254436661218,31.16552661996731,0.3940263259260469,0.41024557820332125,0.3940263259260469,0.3942571654239147,0.40586917669210604,0.423734290639118
objective,8,32,32,0.12,1.0,0.2,0.07062238177318633,0.07062238177318633,0.07062238177318633,0.0,0.19199999999999998,0.06780412566123853,0.07647942743631586,0.004597399456686032,1.0070069778045365e-15,-0.12639999999999998,-0.12639677666700253,0.0033189191766509474,0.0011435644629328027,15.988159219620297,16.0,31.976318439240593,7.878857885202617,63.030863081620936,0.2823849797325705,0.28248952709274533,0.39935266814825277,0.5606850641160118,0.5233077134213762,0.5649790541854907
output,8,32,32,0.12,1.0,0.2,0.07062238177318633,0.07062238177318633,0.07062238177318633,0.0,1.5490672801940983,0.5090634651566398,0.561384717275148,0.25914561155728544,0.0,0.9283970707892593,0.7849786266880169,0.521037496068554,0.18765864455732556,51.958803094528946,59.99023596419852,51.958803094528946,6.5201041549113725,52.16083323929098,0.5090634651566398,0.546994104271095,0.5090634651566398,0.5100521944938493,0.5233077134213762,0.5649790541854907
objective,10,32,32,0.12,1.0,0.2,0.07062238177318633,0.07062238177318633,0.07062238177318633,0.0,0.23999999999999996,0.08470030753301082,0.09551685204116778,0.007174142096187842,1.2325210296815214e-15,-0.09511111111111113,-0.09512868356099677,0.005480220544118342,0.0018016851524833648,24.970413805669107,25.0,49.940827611338214,9.844326326522694,98.44326326522693,0.35290290225939963,0.3531119088659317,0.4990800705760697,0.7007052332297595,0.6272713450233213,0.7062238177318634
output,10,32,32,0.12,1.0,0.2,0.07062238177318633,0.07062238177318633,0.07062238177318633,0.0,1.9363341002426229,0.6116929399732928,0.6670390521013643,0.37416825281317034,0.0,0.9303860410451131,0.7224543399157161,0.7623995094825169,0.275717167180984,75.02089059241446,93.73474369406019,75.02089059241445,7.573297091239764,75.73297091239765,0.6116929399732928,0.6837426303388688,0.6116929399732928,0.6145891051959577,0.6272713450233213,0.7062238177318634
objective,12,32,32,0.12,1.0,0.2,0.07062238177318633,0.07062238177318633,0.07062238177318633,0.0,0.288,0.10156001949399142,0.1144995303635401,0.010314437559621371,1.4536982728685643e-15,-0.0752,-0.07524205281526808,0.008175067960901505,0.002604850897639062,35.937909391218845,36.0,71.87581878243768,11.806972431066082,141.68366917279297,0.4233687173849781,0.423734290639118,0.598733782010338,0.8406249152008402,0.7164131099024001,0.847468581278236
output,12,32,32,0.12,1.0,0.2,0.07062238177318633,0.07062238177318633,0.07062238177318633,0.0,2.3236009202911476,0.7005623796839948,0.7546834728833902,0.4907876478285017,0.0,0.9316517493897475,0.6545691506392634,0.9807856017915884,0.3674684794483081,98.40312788438277,134.97803091944667,98.61530934020352,8.35797037872483,100.29564454469795,0.7005623796839948,0.8204911564066425,0.7013172657608928,0.7072670033657863,0.7164131099024001,0.847468581278236
objective,14,32,32,0.12,1.0,0.2,0.07062238177318633,0.07062238177318633,0.07062238177318633,0.0,0.336,0.11837606378623462,0.13341672092116919,0.014012892477524371,1.6826817716975029e-15,-0.06141538461538457,-0.061485764942602175,0.011398969588394592,0.003552308141934264,48.88418654081302,49.0,97.76837308162602,13.766240051066738,192.72736071493432,0.49377211091869483,0.4943566724123043,0.6982992159828104,0.9804242559755216,0.7903726343621725,0.9887133448246086
output,14,32,32,0.12,1.0,0.2,0.07062238177318633,0.07062238177318633,0.07062238177318633,0.0,2.710867740339672,0.7751921286734151,0.8247206354550198,0.6009228363572204,2.220446049250313e-16,0.9325280090129561,0.585083950956229,1.150410510676052,0.45738386243770435,120.48527907403367,183.72009764035795,122.2097280879926,8.901471697905954,124.62060377068336,0.7751921286734151,0.9572396824744163,0.7807198996410294,0.7883830631912228,0.7903726343621725,0.9887133448246086
objective,16,32,32,0.12,1.0,0.2,0.07062238177318633,0.07062238177318633,0.07062238177318633,0.0,0.38400000000000006,0.13514129484899734,0.1522577945749779,0.018263169573465538,1.904726376622534e-15,-0.0513066666666666,-0.05140927871195554,0.015146562769913774,0.004643179980823447,63.801638446360144,64.0,127.60327689272026,15.721577538331665,251.54524061330665,0.5641028268783812,0.5649790541854907,0.7977618683444087,1.0,0.8496838821272332,1.0
output,16,32,32,0.12,1.0,0.2,0.07062238177318633,0.07062238177318633,0.07062238177318633,0.0,3.0981345603881967,0.8359108594360428,0.8786344525808341,0.6987469649231035,2.220446049250313e-16,0.9331705994033086,0.5170794067147075,1.287439542076278,0.5412842648262883,140.09905761152984,239.96094385679407,145.8041468357817,9.245117704470072,147.92188327152115,0.8359108594360428,1.0,0.852760937271791,0.8589315867252344,0.8496838821272332,1.0
objective,2,64,64,0.12,1.0,0.2,0.07062238177318633,0.07062238177318633,0.07062238177318633,0.0,0.048,0.01696934094126956,0.019147391292061222,0.00028795853198116035,1.1302807648161384e-16,-0.9712000000000001,-0.9711320971775528,6.790282244728552e-05,4.8014546214181705e-05,1.0,1.0,2.0,1.9711320971775528,3.9422641943551056,0.07062238177318633,0.07062238177318633,0.09987513011073058,0.14022169838255977,0.14071718691490656,0.14124476354637266
output,2,64,64,0.12,1.0,0.2,0.07062238177318633,0.07062238177318633,0.07062238177318633,0.0,0.3966992952389963,0.13956745306540574,0.15722848994536287,0.019479073955164242,6.938893903907228e-18,0.967129135538954,0.9527812221439337,0.014347913395020284,0.010145506857496142,3.9055624442878676,3.9342582710779075,3.9055624442878676,1.9527812221439338,3.9055624442878676,0.13956745306540577,0.14007924538761177,0.13956745306540577,0.13956745306540577,0.14071718691490656,0.14124476354637266
objective,4,64,64,0.12,1.0,0.2,0.07062238177318633,0.07062238177318633,0.07062238177318633,0.0,0.096,0.03393135279841637,0.0382837573915229,0.0011513367027310467,4.482091781055075e-16,-0.3141333333333334,-0.31409637594824985,0.0006104955048580329,0.00026505691999807946,3.999407540338301,4.0,7.998815080676602,3.9416966868557624,15.76678674742305,0.1412343029309116,0.14124476354637266,0.19973546667720535,0.2804232104646709,0.27727901762189694,0.28248952709274533
output,4,64,64,0.12,1.0,0.2,0.07062238177318633,0.07062238177318633,0.07062238177318633,0.0,0.7933985904779925,0.275080188371022,0.3084107800519571,0.07566911003423693,1.3877787807814457e-17,0.9780860903593026,0.9309740075539361,0.12497330337017387,0.05339575228271861,15.171688090647233,15.73703308431163,15.171688090647233,3.7937289121907076,15.17491564876283,0.275080188371022,0.28015849077522353,0.275080188371022,0.27510944648902064,0.27727901762189694,0.28248952709274533
objective,6,64,64,0.12,1.0,0.2,0.07062238177318633,0.07062238177318633,0.07062238177318633,0.0,0.144,0.050878715279541485,0.05739809214726321,0.002588643668497433,7.849623728795052e-16,-0.18272000000000002,-0.18269919552883948,0.001694772415187562,0.0006311367759972488,8.99644629402541,9.0,17.99289258805082,5.911127023804721,35.46676214282833,0.21182531265967194,0.211867145319559,0.2995662300172293,0.42058437221982387,0.40586917669210604,0.423734290639118
output,6,64,64,0.12,1.0,0.2,0.07062238177318633,0.07062238177318633,0.07062238177318633,0.0,1.1900978857169888,0.4028089931814132,0.4481892440599331,0.16225508498782382,0.0,0.9802774813233722,0.8844070715438652,0.3252824403943899,0.12070105474491205,32.532212146315956,35.40832443970117,32.532212146315956,5.429121943956957,32.574731663741744,0.4028089931814132,0.4202377361628353,0.4028089931814132,0.40307214238359623,0.40586917669210604,0.423734290639118
objective,8,64,64,0.12,1.0,0.2,0.07062238177318633,0.07062238177318633,0.07062238177318633,0.0,0.19199999999999998,0.06780412566123853,0.07647942743631586,0.004597399456686032,1.0070069778045365e-15,-0.12639999999999998,-0.12639677666700253,0.0033189191766509474,0.0011435644629328027,15.988159219620297,16.0,31.976318439240593,7.878857885202617,63.030863081620936,0.2823849797325705,0.28248952709274533,0.39935266814825277,0.5606850641160118,0.5233077134213762,0.5649790541854907
output,8,64,64,0.12,1.0,0.2,0.07062238177318633,0.07062238177318633,0.07062238177318633,0.0,1.586797180955985,0.5196362564056616,0.5724543682871039,0.2700218389712905,5.551115123125783e-17,0.9812166488794023,0.823919486121366,0.5788644288974821,0.20567281535707252,54.139491222796494,62.94813233724652,54.1394912227965,6.796552630479116,54.37242104383293,0.5196362564056616,0.5603169815504471,0.5196362564056617,0.5207528985040357,0.5233077134213762,0.5649790541854907
objective,10,64,64,0.12,1.0,0.2,0.07062238177318633,0.07062238177318633,0.07062238177318633,0.0,0.23999999999999996,0.08470030753301082,0.09551685204116778,0.007174142096187842,1.2325210296815214e-15,-0.09511111111111113,-0.09512868356099677,0.005480220544118342,0.0018016851524833648,24.970413805669107,25.0,49.940827611338214,9.844326326522694,98.44326326522693,0.35290290225939963,0.3531119088659317,0.4990800705760697,0.7007052332297595,0.6272713450233213,0.7062238177318634
output,10,64,64,0.12,1.0,0.2,0.07062238177318633,0.07062238177318633,0.07062238177318633,0.0,1.9834964761949814,0.6232692095140423,0.6786796465445408,0.3884645075282591,5.551115123125783e-17,0.9817384086327522,0.7543032846617787,0.842969272508244,0.30101969874115314,77.88729561956006,98.3564567769477,77.88729561956006,7.870157051926157,78.70157051926158,0.6232692095140423,0.7003962269380588,0.6232692095140423,0.6265187311911726,0.6272713450233213,0.7062238177318634
objective,12,64,64,0.12,1.0,0.2,0.07062238177318633,0.07062238177318633,0.07062238177318633,0.0,0.288,0.10156001949399142,0.1144995303635401,0.010314437559621371,1.4536982728685643e-15,-0.0752,-0.07524205281526808,0.008175067960901505,0.002604850897639062,35.937909391218845,36.0,71.87581878243768,11.806972431066082,141.68366917279297,0.4233687173849781,0.423734290639118,0.598733782010338,0.8406249152008402,0.7164131099024001,0.847468581278236
output,12,64,64,0.12,1.0,0.2,0.07062238177318633,0.07062238177318633,0.07062238177318633,0.0,2.3801957714339776,0.7123577335107807,0.7659920788129262,0.5074535404926164,1.1102230246251565e-16,0.9820704375667021,0.6798836841489152,1.0783926250080456,0.3996230031687569,101.7446463076568,141.63329775880467,101.967173286595,8.657683991690426,103.89220790028511,0.7123577335107806,0.8404754723256705,0.7131363112549102,0.7198364735277355,0.7164131099024001,0.847468581278236
objective,14,64,64,0.12,1.0,0.2,0.07062238177318633,0.07062238177318633,0.07062238177318633,0.0,0.336,0.11837606378623462,0.13341672092116919,0.014012892477524371,1.6826817716975029e-15,-0.06141538461538457,-0.061485764942602175,0.011398969588394592,0.003552308141934264,48.88418654081302,49.0,97.76837308162602,13.766240051066738,192.72736071493432,0.49377211091869483,0.4943566724123043,0.6982992159828104,0.9804242559755216,0.7903726343621725,0.9887133448246086
output,14,64,64,0.12,1.0,0.2,0.07062238177318633,0.07062238177318633,0.07062238177318633,0.0,2.7768950666729735,0.7865080570219221,0.8349991893056972,0.618594923760399,0.0,0.9823003037517444,0.6045524173721847,1.2572365744633873,0.4954330959422496,124.02853996173762,192.77865528281748,126.04705095362988,9.191826304810718,128.68556826735005,0.786508057021922,0.9805547177132823,0.7928822670058027,0.801137909061173,0.7903726343621725,0.9887133448246086
objective,16,64,64,0.12,1.0,0.2,0.07062238177318633,0.07062238177318633,0.07062238177318633,0.0,0.38400000000000006,0.13514129484899734,0.1522577945749779,0.018263169573465538,1.904726376622534e-15,-0.0513066666666666,-0.05140927871195554,0.015146562769913774,0.004643179980823447,63.801638446360144,64.0,127.60327689272026,15.721577538331665,251.54524061330665,0.5641028268783812,0.5649790541854907,0.7977618683444087,1.0,0.8496838821272332,1.0
output,16,64,64,0.12,1.0,0.2,0.07062238177318633,0.07062238177318633,0.07062238177318633,0.0,3.1735943619119693,0.8461983050086063,0.8874414124780361,0.7160515713994382,0.0,0.9824688722874421,0.5315359934178525,1.3666949609052885,0.5840078532020041,143.5686384202846,251.7925293489861,150.12692862066478,9.519532234249917,152.31251574799867,0.8461983050086062,1.0,0.8653098752668098,0.8715858199328654,0.8496838821272332,1.0
